author;twitter_name;like_count;retweet_count;Date;Time;Retweet;tweet;;
Fuel Labs;fuellabs_;0;7;12/04/2022;17:00:00;1.0;RT @IAmNickDodson: It should be noted that the FuelVM learns from the EVM, WASM, Solana and Bitcoin.;;
Fuel Labs;fuellabs_;14;6;12/04/2022;13:00:00;0.0;‚ö°Ô∏è March has been a huge month for us!;;
Fuel Labs;fuellabs_;19;8;11/04/2022;13:00:00;0.0;Still wondering what Fuel Labs is working on?;;
Fuel Labs;fuellabs_;16;8;07/04/2022;12:00:00;0.0;üå¥ Why should you use @SwayLang to develop smart contracts?;;
Fuel Labs;fuellabs_;0;9;06/04/2022;20:24:00;1.0;RT @Folifoxx: An introduction to @fuellabs_;;
Fuel Labs;fuellabs_;22;12;06/04/2022;15:30:00;0.0;‚è∞ Happening today, ;;
Fuel Labs;fuellabs_;0;3;05/04/2022;07:20:00;1.0;RT @l2beatcom: We're excited to welcome @fuellabs_ as a ùó¶ùó∂ùóπùòÉùó≤ùóø ùó¶ùóΩùóºùóªùòÄùóºùóø for Layer Two Amsterdam! üëè;;
Fuel Labs;fuellabs_;7;0;04/04/2022;16:38:00;0.0;ETHAmsterdam is on track to be an incredible event, and you won‚Äôt want to miss it out. Apply now by clicking the li‚Ä¶ https://t.co/ORZaURh79t;;
Fuel Labs;fuellabs_;10;1;04/04/2022;16:38:00;0.0;What to expect:;;
Fuel Labs;fuellabs_;34;12;04/04/2022;16:38:00;0.0;We‚Äôre very happy to sponsor and attend one of the most exciting events of the year with @ETHGlobal ‚ö°Ô∏è;;
Fuel Labs;fuellabs_;14;5;04/04/2022;14:00:00;0.0;Thank you again @ETHDubaiConf for having us for this great event.;;
Fuel Labs;fuellabs_;0;15;04/04/2022;11:56:00;1.0;RT @fuellabs_: ‚ö°Ô∏èFuel Space‚ö°Ô∏è;;
Fuel Labs;fuellabs_;22;15;01/04/2022;17:30:00;0.0;‚ö°Ô∏èFuel Space‚ö°Ô∏è;;
Fuel Labs;fuellabs_;20;8;01/04/2022;16:00:00;0.0;üö®Scam Alertüö®;;
Fuel Labs;fuellabs_;0;5;01/04/2022;10:24:00;1.0;RT @l2beatcom: @jadler0, PhD dropout and co-founder of Celestia Labs and @fuellabs_. Previously, he was a scalability researcher at @Consen‚Ä¶;;
Fuel Labs;fuellabs_;0;2;01/04/2022;07:55:00;1.0;RT @l2beatcom: We present speakers from @fuellabs_ our Silver Sponsor!;;
Fuel Labs;fuellabs_;0;2;31/03/2022;17:34:00;1.0;RT @Maven11Capital: Our friend at @fuellabs_ will also be present with their perspective on execution layers 2 and the approaches to fraud‚Ä¶;;
Fuel Labs;fuellabs_;9;1;31/03/2022;08:39:00;0.0;@ETHDubaiConf @SwayLang And at 2:00pm UTC+4, there will be a panel on L2s and Side Chains:;;
Fuel Labs;fuellabs_;13;7;31/03/2022;08:39:00;0.0;Join us live @ETHDubaiConf today on YouTube:;;
Fuel Labs;fuellabs_;21;9;29/03/2022;19:00:00;0.0;üå¥Discovering Swayüå¥;;
Fuel Labs;fuellabs_;29;9;27/03/2022;12:00:00;0.0;üå¥Sway Workshopüå¥;;
Fuel Labs;fuellabs_;0;9;22/03/2022;20:53:00;1.0;RT @SwayLang: Forc v0.7.0 has been released.;;
Fuel Labs;fuellabs_;63;20;09/03/2022;18:19:00;0.0;Approve / tranferFrom will *not be a necessity* anymore with Fuel native assets, as calls in the FuelVM can forward‚Ä¶ https://t.co/5pbxFfijIb;;
Fuel Labs;fuellabs_;22;7;09/03/2022;16:37:00;0.0;What a month! You don't want to miss out our first monthly Engineering update üéâ;;
Fuel Labs;fuellabs_;53;13;07/03/2022;21:14:00;0.0;Fuel features a multi-witness, multi-input, multi-output transactional design.;;
Fuel Labs;fuellabs_;0;9;03/03/2022;19:05:00;1.0;RT @jadler0: Second month on the newsletter, and @fuellabs_ is again ranked 4th by GitHub activity for Rust-based blockchain projects, righ‚Ä¶;;
Fuel Labs;fuellabs_;0;2;03/03/2022;18:45:00;1.0;RT @DevStartupJobs: .@fuellabs_ is hiring üëâ  Senior Smart Contract Engineer [Solidity] (remote) https://t.co/WmR1oOq5GB;;
Fuel Labs;fuellabs_;0;4;03/03/2022;18:26:00;1.0;RT @jadler0: Probably completely nothing. @SwayLang https://t.co/AU5tbbz22M;;
Fuel Labs;fuellabs_;25;9;02/03/2022;19:35:00;0.0;Fuel provides Ethereum-style interoperable Turing-complete smart contracts over a UTXO execution layer, without blo‚Ä¶ https://t.co/MzZmSGWz9O;;
Fuel Labs;fuellabs_;0;10;01/03/2022;21:15:00;1.0;RT @SwayLang: Forc v0.5.0 has been released.;;
Fuel Labs;fuellabs_;34;7;24/02/2022;21:38:00;0.0;Fuel provides its own new Turing-complete smart contract language called Sway, a from-scratch Rust-based DSL which‚Ä¶ https://t.co/vMYbUloYfp;;
Fuel Labs;fuellabs_;0;11;24/02/2022;21:27:00;1.0;"RT @ETHDubaiConf: Excited to announce a new workshop: ""Build a Dapp using @SwayLang on @fuellabs_ "" with @mohammadfawaz ";;
Fuel Labs;fuellabs_;16;8;23/02/2022;22:25:00;0.0;Want a deep dive on Fuel's ‚ö°Ô∏è next-generation virtual machine architecture?;;
Fuel Labs;fuellabs_;23;5;22/02/2022;22:44:00;0.0;The FuelVM ‚ö°Ô∏è supports multiple native assets, which allows contracts to produce their own native token.;;
Fuel Labs;fuellabs_;24;3;15/02/2022;17:52:00;0.0;The FuelVM ‚ö°Ô∏è allows for extensive compute space, which means applying complex application level calldata compressi‚Ä¶ https://t.co/PDW6OUhjHr;;
Fuel Labs;fuellabs_;20;5;11/02/2022;19:30:00;0.0;The FuelVM ‚ö°Ô∏è has no dynamic jumps, a readable register system, no spooky global variables, and a configurable safe‚Ä¶ https://t.co/90Mho3lm9V;;
Fuel Labs;fuellabs_;45;12;10/02/2022;18:54:00;0.0;Fuel ‚ö°Ô∏è is specifically designed to be non-EVM compatible.;;
Fuel Labs;fuellabs_;48;9;08/02/2022;00:51:00;0.0;Fuel ‚ö°Ô∏è will support Metamask, Ledger, Trezor and WalletConnect transaction signing via the use of EIP-191 or EIP-7‚Ä¶ https://t.co/ehk6kzfa6R;;
Fuel Labs;fuellabs_;40;11;04/02/2022;20:30:00;0.0;The FuelVM ‚ö°Ô∏è uses a register system instead of stack.;;
Fuel Labs;fuellabs_;32;9;03/02/2022;19:43:00;0.0;The FuelVM ‚ö°Ô∏è enables calls between contracts without re-serialization and ABI encoding of data each time.;;
Fuel Labs;fuellabs_;0;4;01/02/2022;19:14:00;1.0;RT @acityinohio: My metrics in order of importance:;;
Fuel Labs;fuellabs_;13;1;31/01/2022;18:08:00;0.0;A special thanks to @transmissions11 @controlcthenv @libevm for helping make it happen.;;
Fuel Labs;fuellabs_;84;16;31/01/2022;17:21:00;0.0;üö® Alpha drop.üö® ;;
Fuel Labs;fuellabs_;0;5;31/01/2022;17:12:00;1.0;RT @jobsincrypto: .@fuellabs_ is a group focused on sustainable scaling using optimistic rollups.;;
Fuel Labs;fuellabs_;0;5;30/01/2022;19:19:00;1.0;RT @jadler0: @0xalpharush No, but this is what @SwayLang provides. Single integrated toolchain for building, dependency management, testing‚Ä¶;;
Fuel Labs;fuellabs_;0;5;26/01/2022;19:40:00;1.0;RT @ETHDubaiConf: Excited to announce that Alex Hansen, lead dev of @SwayLang by @fuellabs_ will be talking about this new  smart contract‚Ä¶;;
Fuel Labs;fuellabs_;0;9;18/01/2022;22:44:00;1.0;RT @WeekInEthNews: #MuchClicked;;
Fuel Labs;fuellabs_;0;5;12/01/2022;02:38:00;1.0;RT @jobsincrypto: .@fuellabs_ is a group focused on sustainable scaling using optimistic rollups.;;
Fuel Labs;fuellabs_;0;0;11/01/2022;01:27:00;0.0;@paintspacer @xcip002 @0xpsyops @arbitrum @EvmosOrg @CelestiaOrg Transaction Format: https://t.co/FsaG1bg8WQ;;
Fuel Labs;fuellabs_;176;32;10/01/2022;22:54:00;0.0;A Token Model for Layer-2 Block Production;;
Fuel Labs;fuellabs_;0;5;10/01/2022;21:11:00;1.0;RT @furter_samuel: ohh.. this is the lang feature that makes parallel tx processing really possible.. ;;
Fuel Labs;fuellabs_;2;0;10/01/2022;20:34:00;0.0;@furter_samuel Further Fuel v2.0 specific reading:;;
Fuel Labs;fuellabs_;0;20;10/01/2022;20:00:00;1.0;RT @CelestiaOrg: Monolithic blockchain: All apps run on a single chain that is limited in capacity.;;
Fuel Labs;fuellabs_;0;8;10/01/2022;17:36:00;1.0;RT @xcip002: alpha;;
Fuel Labs;fuellabs_;0;4;10/01/2022;04:05:00;1.0;RT @CryptoGucci: 11/;;
Fuel Labs;fuellabs_;0;6;08/01/2022;03:12:00;1.0;RT @emilyaherbert: It's probably time to let everyone know what I'm working on now :) I'm working at @fuellabs_ to build a protocol for Eth‚Ä¶;;
Fuel Labs;fuellabs_;38;10;08/01/2022;01:40:00;0.0;Fuel uses a UTXO model which enables parallel smart contract execution for Ethereum.;;
Fuel Labs;fuellabs_;0;1;08/01/2022;01:23:00;1.0;RT @jadler0: @nik_hayes @j0hnwang @KyleSamani @fuellabs_ https://t.co/6h15rTjJwm;;
Fuel Labs;fuellabs_;0;1;08/01/2022;01:22:00;1.0;RT @nik_hayes: @j0hnwang @KyleSamani Isn't @fuellabs_ doing something like this? @jadler0;;
Fuel Labs;fuellabs_;0;2;07/01/2022;23:19:00;1.0;RT @jadler0: A large portion of today's ACD was spent by @sendmoodz discussing transient storage that can be used between call frames in a‚Ä¶;;
Fuel Labs;fuellabs_;0;2;07/01/2022;20:36:00;1.0;RT @jadler0: Sway just casually releasing exhaustive match expressions, nbd;;
Fuel Labs;fuellabs_;0;3;07/01/2022;20:29:00;1.0;RT @SwayLang: As usual, run `cargo install forc` to get the latest updates!;;
Fuel Labs;fuellabs_;0;9;07/01/2022;20:29:00;1.0;RT @SwayLang: Sway v0.2 has been released.  ;;
Fuel Labs;fuellabs_;0;6;04/01/2022;15:27:00;1.0;RT @evansforbes: In a parallel universe, some version of me is a care free anime anon @SwayLang dev. Giddily strolling through the garden t‚Ä¶;;
Fuel Labs;fuellabs_;0;5;04/01/2022;04:03:00;1.0;RT @a5f9t4: we like sway @fuellabs_ https://t.co/jvvSitkIA4;;
Fuel Labs;fuellabs_;0;3;03/01/2022;23:42:00;1.0;RT @andreasbigger: sway-pilled ;;
Fuel Labs;fuellabs_;0;10;03/01/2022;18:13:00;1.0;RT @_franzihei: @SwayLang üå¥;;
Fuel Labs;fuellabs_;0;8;03/01/2022;17:38:00;1.0;RT @stonecoldpat0: Another unique smart contract environment for an off-chain system that inherits the security of layer-1. ;;
Fuel Labs;fuellabs_;0;6;03/01/2022;17:09:00;1.0;RT @controlcthenv: https://t.co/j3rB6V06ru Got to help test the @SwayLang recently, very cool Rust based language for the FuelVM 2. Excitin‚Ä¶;;
Fuel Labs;fuellabs_;24;3;03/01/2022;17:03:00;0.0;None of this would have been possible without the amazing Fuel contributors. A big thank you to these amazing peopl‚Ä¶ https://t.co/XtZfE1atRA;;
Fuel Labs;fuellabs_;18;1;03/01/2022;17:03:00;0.0;Disclaimer: it's early days, so expect some rough edges. Any contributions to improve the toolchain are extremely w‚Ä¶ https://t.co/dS2ksa4Lzh;;
Fuel Labs;fuellabs_;16;2;03/01/2022;17:03:00;0.0;For VSCode users, Sway has a plugin to assist you that leverages the Sway language server.;;
Fuel Labs;fuellabs_;202;50;03/01/2022;17:02:00;0.0;Fuel v2 repos are now public for local development. Anyone in the world can get started with smart contract develop‚Ä¶ https://t.co/TMioy9kJK4;;
Fuel Labs;fuellabs_;0;3;31/12/2021;03:51:00;1.0;RT @transmissions11: swayooors unite https://t.co/R1EMyYv4I3;;
Fuel Labs;fuellabs_;0;4;30/12/2021;23:35:00;1.0;RT @armaniferrante: This is the way. https://t.co/mUu29kSRAg;;
Fuel Labs;fuellabs_;0;6;29/12/2021;23:03:00;1.0;RT @transmissions11: iykyk (pic partially stolen from @jadler0) https://t.co/ieumMLJGyK;;
Fuel Labs;fuellabs_;0;5;29/12/2021;14:21:00;1.0;RT @ashekhirin: the amount of work devs @fuellabs_ have done on both v2 and Sway is very impressive;;
Fuel Labs;fuellabs_;43;4;28/12/2021;15:32:00;0.0;"""Unfortunately, no one can be _told_ that Sway is the future of smart contract development. You have to see it for yourself.""";;
Fuel Labs;fuellabs_;26;3;28/12/2021;01:45:00;0.0;ü§î https://t.co/ofnlOeJ7y8;;
Fuel Labs;fuellabs_;85;11;24/12/2021;00:51:00;0.0;Probably nothing https://t.co/da7aRZPCcD;;
Fuel Labs;fuellabs_;0;2;17/11/2021;11:57:00;1.0;RT @wolflo0: I recently joined the @fuellabs_ team. Sad to leave the great team @ConsenSysAudits, but excited to be building again and work‚Ä¶;;
Fuel Labs;fuellabs_;0;13;24/09/2021;01:09:00;1.0;RT @iamDCinvestor: right now, the rage is EVM or near-EVM compatible rollups,;;
Fuel Labs;fuellabs_;0;0;20/09/2021;19:27:00;0.0;@nickfurfaro Yes, see https://t.co/ubFWVeYOcn;;
Fuel Labs;fuellabs_;108;18;05/09/2021;16:43:00;0.0;Alpha leak: Fuel Labs is building a next-generation optimistic rollup with Ethereum-style smart contracts using UTX‚Ä¶ https://t.co/TKfJre6AIV;;
Fuel Labs;fuellabs_;0;4;03/09/2021;18:41:00;1.0;RT @Digorithm: Got nerd sniped and decided to build an LC-3 Virtual Machine in Rust (inspired by my awesome team @fuellabs_) in my spare ti‚Ä¶;;
Fuel Labs;fuellabs_;0;20;02/09/2021;17:12:00;1.0;RT @jadler0: If you're interested in bringing true scalability to Ethereum with parallel transaction execution, @fuellabs_ has been buildin‚Ä¶;;
Fuel Labs;fuellabs_;0;6;08/05/2021;03:00:00;1.0;RT @jadler0: Very Soon‚Ñ¢, this will finally no longer be the case. You're gonna have a very good time writing Rust-based smart contracts, wi‚Ä¶;;
Fuel Labs;fuellabs_;0;3;21/04/2021;17:37:00;1.0;RT @jadler0: @zeroknowledgefm @AnnaRRose @_prestwich @ben_chain @tyneslol &gt;;
Fuel Labs;fuellabs_;33;10;07/04/2021;21:42:00;0.0;We've grown our ranks over the past few months to build the most scalable optimistic rollup on Ethereum, but we're‚Ä¶ https://t.co/4xmTS8TvbS;;
Fuel Labs;fuellabs_;32;8;26/02/2021;18:59:00;0.0;Want to work on a VM without 256 bit words?;;
Fuel Labs;fuellabs_;5;0;16/02/2021;00:06:00;0.0;Hey @ThisWeekInRust üëã we're hiring for a Senior Software Engineer at Fuel Labs.;;
Fuel Labs;fuellabs_;45;23;15/02/2021;23:28:00;0.0;Fuel Labs is building the most scalable optimistic rollup on @ethereum and we're hiring for @rustlang, @typescript,‚Ä¶ https://t.co/SPAQrgCPPF;;
Fuel Labs;fuellabs_;0;4;01/01/2021;20:29:00;1.0;RT @_anishagnihotri: Spun up a quick and dirty Rinkeby demo to play with @fuellabs_ and @sveltejs, for the curious: https://t.co/rjGOQ7Q44r‚Ä¶;;
Fuel Labs;fuellabs_;0;3;01/01/2021;16:08:00;1.0;RT @mhluongo: Stoked to see it ‚Äî congrats to @jadler0 and the @fuellabs_ team! https://t.co/SI9xP18oVB;;
Fuel Labs;fuellabs_;0;2;31/12/2020;20:53:00;1.0;RT @AttestantIO: https://t.co/AXj7oE9LSV ... built on #Ethereum https://t.co/EeEJpBLzPt https://t.co/x5ZMUT3WCs;;
Fuel Labs;fuellabs_;0;5;31/12/2020;20:52:00;1.0;RT @MihailoBjelic: We all kind of feel that 2021 will be the year of Ethereum scaling, but these guys just couldn't wait.. üòÇ;;
Fuel Labs;fuellabs_;1;0;31/12/2020;20:46:00;0.0;@pridesai See: https://t.co/zRA9znWm3g;;
Fuel Labs;fuellabs_;0;15;31/12/2020;20:45:00;1.0;RT @AndrewDARMACAP: Optimistic Rollups live on Ethereum in 2020. Pay attention, everything is accelerating. https://t.co/YO100GXpkk;;
Fuel Labs;fuellabs_;0;2;31/12/2020;18:59:00;1.0;RT @zk_morty: Regardless if you have zero knowledge on the subject matter or are simply just optimistic about the future: scalling mainnet‚Ä¶;;
Fuel Labs;fuellabs_;0;4;31/12/2020;18:54:00;1.0;RT @sgoldfed: Congrats @jadler0 @IAmNickDodson and team. Amazing work! https://t.co/4mAz2vYgmT;;
Fuel Labs;fuellabs_;0;4;31/12/2020;18:50:00;1.0;RT @iamDCinvestor: Huge news- congrats to the @fuellabs_ team in their efforts to help scale Ethereum!;;
Fuel Labs;fuellabs_;0;3;31/12/2020;18:47:00;1.0;RT @zmanian: A beautiful protocol comes to life https://t.co/Tf0ARZby3s;;
Fuel Labs;fuellabs_;0;5;31/12/2020;18:46:00;1.0;RT @pedrouid: This is super exciting üôå Optimistic Rollups on mainnet üöÄ;;
Fuel Labs;fuellabs_;0;8;31/12/2020;18:46:00;1.0;RT @econoar: Fuel optimistic rollup on mainnet!;;
Fuel Labs;fuellabs_;0;2;31/12/2020;18:34:00;1.0;RT @danfinlay: ORUs make the 2020 cut! https://t.co/bQxPEk8x9K;;
Fuel Labs;fuellabs_;0;6;31/12/2020;18:18:00;1.0;RT @Arjun_Bhuptani: Fuel labs just went live with the first ever optimistic roll-up! üî•;;
Fuel Labs;fuellabs_;20;0;31/12/2020;18:12:00;0.0;üë©‚Äçüíª This release is CLI-only, intended for developers who want to dip their toes into the future of Ethereum scalab‚Ä¶ https://t.co/WKJ0WxnZom;;
Fuel Labs;fuellabs_;27;2;31/12/2020;18:09:00;0.0;üîÆ While it‚Äôs still early, we have some very exciting plans for 2021.;;
Fuel Labs;fuellabs_;28;1;31/12/2020;18:09:00;0.0;üôè We would like to thank the Ethereum Foundation for their support and all our 275+ @gitcoin contributors that made‚Ä¶ https://t.co/ODvwGz1naO;;
Fuel Labs;fuellabs_;23;3;31/12/2020;18:09:00;0.0;‚ö° Fuel v1 can support up to ~500 TPS. In addition to simple payments, it also supports:;;
Fuel Labs;fuellabs_;22;3;31/12/2020;18:09:00;0.0;‚è© Fuel provides scalability by using a different, more performant, execution model than the EVM: ;;
Fuel Labs;fuellabs_;449;108;31/12/2020;18:09:00;0.0;‚õΩ To wrap up the year, Fuel v1 is now officially on mainnet!;;
Fuel Labs;fuellabs_;0;26;14/12/2020;18:21:00;1.0;RT @immunefi: Immunefi is the first bug bounty platform focused on smart contracts. We're launching with $4.7 million in rewards available.‚Ä¶;;
Fuel Labs;fuellabs_;34;3;09/11/2020;16:33:00;0.0;The Future of L1 Ethereum.;;
Fuel Labs;fuellabs_;13;1;05/11/2020;14:55:00;0.0;Our very own John Adler @jadler0 discussing the amazing properties of optimistic rollups and how they can scale Eth‚Ä¶ https://t.co/rVEOQ1TgYy;;
Fuel Labs;fuellabs_;24;5;30/09/2020;16:59:00;0.0;Fuel Labs is extremely grateful for the 253 Ethereans who believe in sustainable blockchain scaling over these past‚Ä¶ https://t.co/EISbGYxDD8;;
Fuel Labs;fuellabs_;5;2;18/09/2020;15:39:00;0.0;@DistStateAndMe @the_matter_labs @StarkWareLtd This is possible in all Fuel implementations.;;
Fuel Labs;fuellabs_;85;19;17/09/2020;21:21:00;0.0;If @UniswapProtocol had used Fuel's L2 Mass Token Dispersal Technique, it would have only cost them a few cents to‚Ä¶ https://t.co/jXy3a4JodM;;
Fuel Labs;fuellabs_;0;2;17/09/2020;13:45:00;1.0;RT @LocalCryptosEN: A well-implemented Layer-2 solution will leverage many of the properties of blockchain such as security, immutability a‚Ä¶;;
Fuel Labs;fuellabs_;34;2;17/09/2020;02:15:00;0.0;Fuel has no token. https://t.co/jmBzcpvjrk;;
Fuel Labs;fuellabs_;0;42;14/09/2020;14:33:00;1.0;"RT @jadler0: Just published ""Nakamoto Consensus Requires Social Coordination and Subjectivity""";;
Fuel Labs;fuellabs_;0;2;12/09/2020;15:38:00;1.0;RT @peterontheblock: L2 experiments, proof of concepts and builds genuinely as exciting as some of the early forays into chain tech 2013-20‚Ä¶;;
Fuel Labs;fuellabs_;0;0;06/09/2020;17:36:00;0.0;@AminCad @scott_lew_is Zero-conf priority aggregation is still best done by a single entity for now.;;
Fuel Labs;fuellabs_;0;51;05/09/2020;17:33:00;1.0;RT @haydenzadams: @NomiChef I didn‚Äôt see a dime from grants. I went into debt launching v1 because I spent more than the grant amount on au‚Ä¶;;
Fuel Labs;fuellabs_;7;2;05/09/2020;17:24:00;0.0;@scott_lew_is Fuel cannot be dumped because Fuel has no token.;;
Fuel Labs;fuellabs_;26;13;05/09/2020;14:53:00;0.0;Dispersing ERC20's to thousands or millions of accounts  where users claim or pickup funds?;;
Fuel Labs;fuellabs_;0;2;05/09/2020;14:48:00;1.0;RT @dmihal: @JaEsf Check out the Token Funnels we built at @fuellabs_ ;;
Fuel Labs;fuellabs_;0;4;03/09/2020;15:41:00;1.0;RT @AlexSaundersAU: @HamEggsnSam High usage = high fees.;;
Fuel Labs;fuellabs_;0;9;03/09/2020;13:50:00;1.0;RT @ethwriter_: Fuel by @fuellabs_ is one of the most exciting scaling projects in the #Ethereum ecosystem. ;;
Fuel Labs;fuellabs_;46;7;01/09/2020;17:03:00;0.0;Fuel will have complete and unrestricted liquidity interoperability with any system that supports hash-time-lock co‚Ä¶ https://t.co/6YcwgKVZk0;;
Fuel Labs;fuellabs_;0;2;01/09/2020;15:32:00;1.0;RT @ThePatToner: üöÄüöÄüöÄ https://t.co/runIzo8rzU;;
Fuel Labs;fuellabs_;0;3;01/09/2020;15:32:00;1.0;RT @boredGenius: L2 is coming to eat @UniswapProtocol (until v3 launches LOL) https://t.co/wkY5gOKAWq;;
Fuel Labs;fuellabs_;1;1;01/09/2020;15:32:00;0.0;@Soul_Eater_43 The Fuel L2 protocol does not have a token.;;
Fuel Labs;fuellabs_;0;5;01/09/2020;14:50:00;1.0;RT @9dai_5: Optimistic Rollup„ÇíÁî®„ÅÑ„ÇãL2„ÇΩ„É™„É•„Éº„Ç∑„Éß„É≥„Çí‰Ωú„Å£„Å¶„ÅÑ„ÇãFuel Labs„ÅåÊñ∞„Åü„Å´„Éô„É≥„ÉÅ„Éû„Éº„ÇØ„ÇíÂÖ¨Èñã„ÄÇMAX2500tps„ÇíÂá∫„Åó„ÄÅ10‰∏áTx„ÇíEthereum„É°„Ç§„É≥„ÉÅ„Çß„Éº„É≥„ÅÆ3„Éñ„É≠„ÉÉ„ÇØ„Å´Âèé„ÇÅ„Çã„Åì„Å®„ÅåÂèØËÉΩ„Å®Áô∫Ë°®„ÄÇNo protocol to‚Ä¶;;
Fuel Labs;fuellabs_;0;3;01/09/2020;14:50:00;1.0;RT @AttestantIO: Excellent #ethereum #news ... https://t.co/eLbr871ADa;;
Fuel Labs;fuellabs_;0;6;31/08/2020;20:22:00;1.0;RT @joshuahjohnson: L2's keep crushing it lately. I'm looking forward to transitioning some of DeFi to these frameworks. This continues to‚Ä¶;;
Fuel Labs;fuellabs_;0;1;31/08/2020;20:22:00;1.0;RT @HyenaOne: Fuel is running on jet fuel! üëä https://t.co/8TdMxb98ZF;;
Fuel Labs;fuellabs_;0;10;31/08/2020;16:23:00;1.0;RT @iamDCinvestor: Now that gas prices are legit high on L1, the free market L2 landscape is flourishing. üå∫;;
Fuel Labs;fuellabs_;11;1;31/08/2020;16:20:00;0.0;üí¨ For further discussion, please join us on our Discord server!;;
Fuel Labs;fuellabs_;11;1;31/08/2020;16:20:00;0.0;‚öóÔ∏è Experimental code and Ropsten benchmark data are publicly available on GitHub, and will be included in the mainn‚Ä¶ https://t.co/wHv6ViAJaG;;
Fuel Labs;fuellabs_;21;2;31/08/2020;16:20:00;0.0;üî≠ This would not be possible without close collaboration with the Hubble Project, by @barrywhitehat and team.;;
Fuel Labs;fuellabs_;160;40;31/08/2020;16:20:00;0.0;Today, we‚Äôre proud to announce some new benchmarks!;;
Fuel Labs;fuellabs_;0;17;28/08/2020;20:54:00;1.0;"RT @jadler0: It's disconcerting seeing non-trivial community support of sidechains, but opposition to different L1 chains for being ""Ethere‚Ä¶";;
Fuel Labs;fuellabs_;0;118;28/08/2020;16:46:00;1.0;RT @blockfolio: Today, 6 years ago, Hal Finney left us.;;
Fuel Labs;fuellabs_;0;0;21/08/2020;21:28:00;0.0;@CarlGocht If your on L1, it will only be the cost of one ERC20 transfer.;;
Fuel Labs;fuellabs_;0;0;21/08/2020;21:26:00;0.0;@TarasBob We will have demos and swap systems up shortly.;;
Fuel Labs;fuellabs_;27;6;20/08/2020;21:18:00;0.0;Fact: Fuel v1.0 currently supports off-chain swaps between any ERC20 for under 6 cents per swap (@ cur. gas prices);;
Fuel Labs;fuellabs_;0;10;19/08/2020;18:09:00;1.0;RT @VitalikButerin: @Pnanthakumar @ethereum Umm... @zksync @loopringorg @fuellabs_ @optimismPBC @StarkWareLtd all missing?;;
Fuel Labs;fuellabs_;14;0;17/08/2020;18:09:00;0.0;@kevingaspar Fuel currently supports NFT's using wrappers, but better more optimized deposit and transfer infrastru‚Ä¶ https://t.co/rNKeRmWLcP;;
Fuel Labs;fuellabs_;34;3;14/08/2020;17:04:00;0.0;Fuel cannot be pre-mined.;;
Fuel Labs;fuellabs_;0;3;14/08/2020;16:58:00;1.0;RT @dmihal: @BlockGeekDima @pierre_rochard I changed my mind. ;;
Fuel Labs;fuellabs_;0;36;13/08/2020;15:40:00;1.0;RT @econoar: We get it, gas fees are high. That's why people are working on:;;
Fuel Labs;fuellabs_;0;14;11/08/2020;23:19:00;1.0;"RT @jadler0: Slides from my talk at EDCON 2020 @EDCON_Official, ""Fuel: Scaling Ethereum with Optimistic Rollups."" @fuellabs_";;
Fuel Labs;fuellabs_;0;3;11/08/2020;13:57:00;1.0;RT @dmihal: @nategeier @owocki @NukeManDan @StarkWareLtd @fuellabs_ works with Metamask or any other wallet.;;
Fuel Labs;fuellabs_;0;10;10/08/2020;19:06:00;1.0;RT @EDCON_Official: Panel: 'Layering vs. Sharding' is live now!;;
Fuel Labs;fuellabs_;0;10;09/08/2020;20:06:00;1.0;RT @EDCON_Official: Tomorrow is the time!;;
Fuel Labs;fuellabs_;0;3;07/08/2020;15:39:00;1.0;RT @jadler0: @hkalodner @gakonst @Ivshti @wekabot @maurelian_ @ethchris @pedrouid @dionyziz @gtklocker Yep! The issue is that transactions‚Ä¶;;
Fuel Labs;fuellabs_;0;3;06/08/2020;18:33:00;1.0;RT @EDCON_Official: Pleased to have John @jadler0 from @fuellabs_, as a speaker at #EDCON2020.;;
Fuel Labs;fuellabs_;0;41;06/08/2020;11:16:00;1.0;RT @paddypisa: Rollups you can try on mainnet:;;
Fuel Labs;fuellabs_;127;14;05/08/2020;15:43:00;0.0;Fuel has no token.;;
Fuel Labs;fuellabs_;0;4;05/08/2020;15:13:00;1.0;RT @iamDCinvestor: @kevingaspar L2 is here, and it's being adopted quickly!;;
Fuel Labs;fuellabs_;0;44;05/08/2020;11:22:00;1.0;RT @jadler0: Optimistic rollups have taken Ethereum by storm as a promising avenue for exploring different execution models and enabling dy‚Ä¶;;
Fuel Labs;fuellabs_;0;3;04/08/2020;19:58:00;1.0;RT @antiprosynth: @litocoen @the_matter_labs @ConnextNetwork @raiden_network @NEARProtocol @StarkWareLtd @omgnetworkhq @CelerNetwork @abrid‚Ä¶;;
Fuel Labs;fuellabs_;0;20;04/08/2020;19:57:00;1.0;RT @litocoen: This is the list of teams who have submitted Layer 2 scaling solutions for Reddit.;;
Fuel Labs;fuellabs_;0;8;03/08/2020;17:31:00;1.0;RT @blasteasy: For all my #RETROGAMING followers that aren‚Äôt interested in my many #Ethereum tweets: look what just joined forces! üéâ üéä http‚Ä¶;;
Fuel Labs;fuellabs_;0;9;03/08/2020;17:31:00;1.0;RT @dmihal: Another Crazy Week in Crypto!;;
Fuel Labs;fuellabs_;0;4;03/08/2020;17:00:00;1.0;RT @Cryptodose_co: Demo of Blockchain game FuelPlaysPokemon on Ethereum is Complete ;;
Fuel Labs;fuellabs_;0;2;03/08/2020;14:31:00;1.0;RT @jadler0: @blasteasy Struggled our way to victory! (Or rather, to defeat. But it's progress!);;
Fuel Labs;fuellabs_;0;6;03/08/2020;14:31:00;1.0;RT @blasteasy: Haha, the game just got stuck in a trainer battle forever. Red's Bulbasaur has a single HP left, no PP left in any of his mo‚Ä¶;;
Fuel Labs;fuellabs_;0;28;03/08/2020;14:31:00;1.0;RT @sassal0x: Over 20 teams submitted their scaling solutions for Reddit's 'Scaling Bake-Off' competition.;;
Fuel Labs;fuellabs_;0;1;03/08/2020;14:31:00;1.0;RT @shacheng: @sassal0x üëèüèΩüëèüèΩüëèüèΩüëèüèΩ @StarkWareLtd @ConnextNetwork @xdaichain @fuellabs_  scaling for all.;;
Fuel Labs;fuellabs_;0;31;02/08/2020;11:31:00;1.0;RT @sassal0x: $400 üöÄ;;
Fuel Labs;fuellabs_;0;4;01/08/2020;23:49:00;1.0;RT @WPeaster: 28th DeFi Arts Intelligencer here! @OpenSea now has 20,000 users, @carlosmarcialt had a great week on @niftygateway, @fuellab‚Ä¶;;
Fuel Labs;fuellabs_;0;1;01/08/2020;19:46:00;1.0;RT @Su11on: Will @fuellabs_  launch on mainnet before EthereumPlaysPokemon defeats Giovanni (Gym Battle)?;;
Fuel Labs;fuellabs_;0;9;01/08/2020;15:27:00;1.0;RT @iamDCinvestor: The Reddit Ethereum Points Scaling Bakeoff has brought multiple Ethereum L2 scaling solutions into the spotlight.;;
Fuel Labs;fuellabs_;0;67;01/08/2020;13:21:00;1.0;RT @harrycanuck: Ethereum has quietly had one of its most bullish days in a while, and I don't mean price. ;;
Fuel Labs;fuellabs_;0;3;01/08/2020;02:24:00;1.0;RT @kyoronut: Fuel„ÅÆoptimistic rollups‰∏ä„Å´„É™„Éê„Ç§„Éñ„Åï„Çå„Åü„Éù„Ç±„É¢„É≥ÔºÅ https://t.co/I8Pprov9D7;;
Fuel Labs;fuellabs_;0;3;01/08/2020;01:17:00;1.0;RT @tadashimn: Optimistic Rollup „Çí‰Ωø„Å£„Åü Ethereum „ÅÆ layer-2 protocol „Åß„ÅÇ„Çã Fuel „Åå„ÉÜ„Çπ„Éà„Éç„ÉÉ„Éà„Çí Rinkeby „ÅßÂÖ¨Èñã https://t.co/0mCg5XBbaM;;
Fuel Labs;fuellabs_;0;3;31/07/2020;22:49:00;1.0;RT @DeFi_LATAM: Fuel Labs [@fuellabs_] anuncia el lanzamiento de la version 1 de su testnet;;
Fuel Labs;fuellabs_;0;3;31/07/2020;22:48:00;1.0;RT @100gwei: @fuellabs_ https://t.co/waaclynMkM;;
Fuel Labs;fuellabs_;0;1;31/07/2020;22:24:00;1.0;RT @jadler0: Our protagonist blocked out! #EthereumPlaysPokemon #FuelPlaysPokemon https://t.co/clhvybTpk2;;
Fuel Labs;fuellabs_;0;1;31/07/2020;22:01:00;1.0;RT @dmihal: @schin_tomar @austingriffith @fuellabs_ Hey, just click QuickStart and wait until you have tokens. Then, you should be able to‚Ä¶;;
Fuel Labs;fuellabs_;0;1;31/07/2020;21:57:00;1.0;RT @camron_miraftab: Eth = emerging non-soverign settlement system for the world. Undervalued much ? ü§£ü§£ü§£ https://t.co/grC1muS7ur;;
Fuel Labs;fuellabs_;2;0;31/07/2020;21:26:00;0.0;@bbrandtom Here are the Fraud prover cases implemented in Yul+;;
Fuel Labs;fuellabs_;0;2;31/07/2020;21:21:00;1.0;"RT @DeFi_LATAM: Sumario de las propuestas para la competencia de ""Ethereum's Reddit Bake-off 2020"" (1/2)";;
Fuel Labs;fuellabs_;0;2;31/07/2020;21:04:00;1.0;RT @jadler0: First wild encounter defeated! #EthereumPlaysPokemon #FuelPlaysPokemon https://t.co/uTl1vBziZ6;;
Fuel Labs;fuellabs_;0;1;31/07/2020;19:50:00;1.0;RT @IAmNickDodson: @schin_tomar @dmihal @austingriffith @fuellabs_ To play, just hit Quick Start or use MM, you will receive faucet fake mo‚Ä¶;;
Fuel Labs;fuellabs_;0;5;31/07/2020;19:45:00;1.0;RT @hugofirefreire: Shut up and take my #eth https://t.co/CuQg0cQPdH;;
Fuel Labs;fuellabs_;2;0;31/07/2020;19:45:00;0.0;@bbrandtom We have them each Fraud case available here:;;
Fuel Labs;fuellabs_;0;5;31/07/2020;19:32:00;1.0;RT @jadler0: It begins...;;
Fuel Labs;fuellabs_;0;2;31/07/2020;19:32:00;1.0;RT @jadler0: Rival E has been defeated! #EthereumPlaysPokemon #FuelPlaysPokemon https://t.co/Ty2Ke3alT8;;
Fuel Labs;fuellabs_;6;1;31/07/2020;18:56:00;0.0;If you would like to see what other things we are up to here at Fuel Labs, join us on Discord:;;
Fuel Labs;fuellabs_;0;2;31/07/2020;18:51:00;1.0;RT @dmihal: Fuel supports any old Ethereum account (no special keys), so you can log in with any wallet.;;
Fuel Labs;fuellabs_;0;3;31/07/2020;18:51:00;1.0;RT @dmihal: You can also connect using our fake Reddit app (https://t.co/mKmkqz5qhu);;
Fuel Labs;fuellabs_;0;2;31/07/2020;18:51:00;1.0;RT @dmihal: Once you're connected, you'll automatically receive 1000 fMoon tokens, which you can use to press buttons! 1 fMoon per button p‚Ä¶;;
Fuel Labs;fuellabs_;0;4;31/07/2020;18:43:00;1.0;RT @dmihal: Long story short: @IAmNickDodson and @jadler0 are working to make the fastest, cheapest L2 chain out there.;;
Fuel Labs;fuellabs_;0;2;31/07/2020;18:43:00;1.0;RT @dmihal: ...and if you're curious what's happening behind the scenes, click on one of your transaction hashes to check out the fancy new‚Ä¶;;
Fuel Labs;fuellabs_;0;26;31/07/2020;18:43:00;1.0;RT @dmihal: Retro video gamesüïπ &amp;;
Fuel Labs;fuellabs_;0;8;31/07/2020;18:40:00;1.0;RT @IAmNickDodson: We put Pokemon into our Layer-2 submission for Reddit.;;
Fuel Labs;fuellabs_;0;9;31/07/2020;18:40:00;1.0;RT @econoar: Very bullish on this project. Time to dive into testnet v1! https://t.co/bjJZed5lce;;
Fuel Labs;fuellabs_;1;0;31/07/2020;18:28:00;0.0;@paddypisa @IAmNickDodson Soon.;;
Fuel Labs;fuellabs_;9;2;31/07/2020;18:22:00;0.0;https://t.co/PfdpGBZtFG;;
Fuel Labs;fuellabs_;34;9;31/07/2020;18:09:00;0.0;üì∫ Last but not least, we‚Äôre reviving the Ethereum Plays Pokemon project, this time using Fuel to support a massive‚Ä¶ https://t.co/7spo9N3opb;;
Fuel Labs;fuellabs_;8;3;31/07/2020;18:09:00;0.0;üìÉ Docs on the technical details of Fuel v1, along with a JavaScript wallet SDK to interact with our testnet, are av‚Ä¶ https://t.co/6d3Y3qDL3q;;
Fuel Labs;fuellabs_;8;1;31/07/2020;18:09:00;0.0;üîç We also have a brand new shiny block explorer that allows you to inspect the contents of blocks, transactions, ac‚Ä¶ https://t.co/Lf41WSV1r8;;
Fuel Labs;fuellabs_;97;31;31/07/2020;18:09:00;0.0;‚õΩ The first testnet of Fuel v1 is now live on Rinkeby! Fast, trustless, permissionless, and massively scalable paym‚Ä¶ https://t.co/e5Zo3rQYN0;;
Fuel Labs;fuellabs_;0;4;20/07/2020;23:14:00;1.0;RT @jadler0: Daily reminder that @nicksdjohnson is still banned from Twitter.;;
Fuel Labs;fuellabs_;0;2;17/07/2020;19:04:00;1.0;RT @badcryptobitch: Found this gem last night:;;
Fuel Labs;fuellabs_;0;2;17/07/2020;19:04:00;1.0;RT @jadler0: @sinasabet81 @_prestwich @fuellabs_ Fuel @fuellabs_ is the only optimistic rollup that is UTXO-based, and in fact leverages (o‚Ä¶;;
Fuel Labs;fuellabs_;3;0;17/07/2020;17:36:00;0.0;@sinasabet81 @_prestwich Fuel is designed to take advantage of every opportunity of parallelism during production a‚Ä¶ https://t.co/PcZFUnflKm;;
Fuel Labs;fuellabs_;0;11;15/07/2020;20:47:00;1.0;RT @jadler0: More importantly, this attack is propelling the notion that cryptocurrencies are all a scam to the wider public. Which is unfo‚Ä¶;;
Fuel Labs;fuellabs_;0;12;09/07/2020;14:50:00;1.0;RT @jadler0: Daily reminder that @nicksdjohnson is still banned from Twitter. https://t.co/abogWXw8SL;;
Fuel Labs;fuellabs_;0;9;07/07/2020;15:05:00;1.0;RT @jadler0: Daily reminder that @nicksdjohnson is still banned from Twitter. https://t.co/QvAFFsiKSS;;
Fuel Labs;fuellabs_;4;0;04/07/2020;16:39:00;0.0;@akomba Fuel v1.0 will support NFT's but will require a small wrapper.;;
Fuel Labs;fuellabs_;0;6;04/07/2020;01:12:00;1.0;RT @DeFi_Dad: Does anyone get anxiety over missing someone in @gitcoin Grants? I'm doing another wave rn and scared I'm forgetting some.;;
Fuel Labs;fuellabs_;0;3;03/07/2020;16:23:00;1.0;RT @AmwFund: #DoubleMatching $PAN on @gitcoin CLR #6üëá;;
Fuel Labs;fuellabs_;0;1;01/07/2020;14:32:00;1.0;RT @zschavi: For all of you curious, i donated to the following:;;
Fuel Labs;fuellabs_;0;137;30/06/2020;15:35:00;1.0;RT @VitalikButerin: Anyone who's *just* moving ETH / ERC20 / ERC721 tokens around should be looking at how to get onto a rollup today. Gasp‚Ä¶;;
Fuel Labs;fuellabs_;0;377;30/06/2020;15:34:00;1.0;RT @VitalikButerin: ETH2 scaling for data will be available *before* ETH2 scaling for general computation. This implies that rollups will b‚Ä¶;;
Fuel Labs;fuellabs_;0;4;26/06/2020;17:15:00;1.0;RT @maurelian_: .@fuellabs_ a project making a smart set of trade offs between simplicity and scaling: https://t.co/sK6V2FPfAq;;
Fuel Labs;fuellabs_;2;0;24/06/2020;14:29:00;0.0;@aliatiia_ @bitfalls @barrywhitehat @VitalikButerin @loopringorg @OffchainLabs In addition to simple transfers, Fue‚Ä¶ https://t.co/dDdHUrnp0b;;
Fuel Labs;fuellabs_;0;1;19/06/2020;23:33:00;1.0;RT @FigoFinozeros: Farming yield in DeFi is cool ü§ë;;
Fuel Labs;fuellabs_;0;8;19/06/2020;16:12:00;1.0;RT @feindura: Exciting to see @reddit using ERC20 for some subreddit‚Äôs like r/FortniteBR already (even if on testnets);;
Fuel Labs;fuellabs_;0;2;19/06/2020;16:11:00;1.0;RT @BenDiFrancesco: @quickblocks @poapxyz @fuellabs_ @TornadoCash @rotkiapp @samczsun @evan_van_ness @austingriffith @ricmoo @BlackGirlsCod‚Ä¶;;
Fuel Labs;fuellabs_;0;2;18/06/2020;19:11:00;1.0;RT @econoar: @DrETHbags I know @fuellabs_ already has a prototype. Also @the_matter_labs put out a payment solution on mainnet today.;;
Fuel Labs;fuellabs_;0;61;18/06/2020;19:02:00;1.0;RT @econoar: Reddit hopes to eventually onboard all 430 million monthly users to Ethereum. Excited to see who wins the scaling competition!‚Ä¶;;
Fuel Labs;fuellabs_;0;30;18/06/2020;18:54:00;1.0;RT @RyanSAdams: Reddit is hosting an Ethereum scalability competition;;
Fuel Labs;fuellabs_;0;3;18/06/2020;18:48:00;1.0;RT @kevingaspar: I'm very optimistic about Ethereum L2;;
Fuel Labs;fuellabs_;0;14;18/06/2020;17:40:00;1.0;RT @seven7hwave: I hope Lightning works out some day, but with all due respect to those devs (some of whom arrogantly dismissed ETH out of‚Ä¶;;
Fuel Labs;fuellabs_;0;2;18/06/2020;17:36:00;1.0;RT @jadler0: @iamDCinvestor @econoar 21M BTC could be tokenized on Ethereum and Bitcoin maximalists would still be using private channels a‚Ä¶;;
Fuel Labs;fuellabs_;0;89;18/06/2020;13:35:00;1.0;RT @RyanSAdams: Wheel of Ether https://t.co/g2QNLyNp0X;;
Fuel Labs;fuellabs_;0;9;18/06/2020;13:35:00;1.0;RT @kevingaspar: I just funded my first batch of @gitcoin grants;;
Fuel Labs;fuellabs_;0;29;16/06/2020;23:03:00;1.0;RT @TheBlock__: How optimistic rollup might help Reddit's new Ethereum tokens take off (via @ChengYilun);;
Fuel Labs;fuellabs_;0;2;16/06/2020;18:53:00;1.0;RT @WPeaster: I just donated to @fuellabs_ on Gitcoin and you should too!;;
Fuel Labs;fuellabs_;0;11;15/06/2020;21:21:00;1.0;RT @nanexcool: If @ricmoo gets 100,000 Dai for his ethers.js library @gitcoin grant, it'll be totally well deserved ü§ë https://t.co/4rZqIclX‚Ä¶;;
Fuel Labs;fuellabs_;0;1;15/06/2020;17:11:00;1.0;RT @PanvalaHQ: The @commonsstack community has staked tokens to match donations to Commons Stack, @grassEcon, and @BrightIDProject. @Hashin‚Ä¶;;
Fuel Labs;fuellabs_;6;2;15/06/2020;15:09:00;0.0;üõ†Ô∏è If you want to support our R&amp;;
Fuel Labs;fuellabs_;9;3;15/06/2020;15:09:00;0.0;üôè We are also doing something special this round to say thanks to our supporters. ;;
Fuel Labs;fuellabs_;7;1;15/06/2020;15:09:00;0.0;‚ûï Yul+ has had some improvements: with our v0.1.0 release, it now has;;
Fuel Labs;fuellabs_;7;4;15/06/2020;15:09:00;0.0;‚õΩüåïüß± Last month, we released a demo of @reddit Moons and Bricks on the Fuel chain, allowing scalable, trustless, and‚Ä¶ https://t.co/k21jwixfY5;;
Fuel Labs;fuellabs_;23;8;15/06/2020;15:09:00;0.0;‚õΩ Since the last @gitcoin CLR round, we‚Äôve made some amazing progress surrounding optimistic rollup design. Here ar‚Ä¶ https://t.co/n9FjRG4mIH;;
Fuel Labs;fuellabs_;4;0;06/06/2020;13:24:00;0.0;@ricmoo @evan_van_ness Fuel would not be possible without Ethers and @ricmoo;;
Fuel Labs;fuellabs_;0;20;06/06/2020;13:23:00;1.0;RT @ricmoo: The home stretch. I‚Äôm announcing today the plan to move ethers v5 out of beta in 1 week (June 12). I‚Äôd love to see more project‚Ä¶;;
Fuel Labs;fuellabs_;0;9;06/06/2020;13:22:00;1.0;RT @nanexcool: Managed to *almost* 100% formally verify the SimpleStore Yul+ example against a couple of proofs that I tried before with by‚Ä¶;;
Fuel Labs;fuellabs_;0;5;04/06/2020;12:17:00;1.0;RT @NuggetsNewsAU: In our recent update, we sit down with @sassal0x to cover the latest from the #Ethereum network. üî•;;
Fuel Labs;fuellabs_;0;7;29/05/2020;12:05:00;1.0;RT @AlexSaundersAU: In today's Ethereum update @sassal0x &amp;;
Fuel Labs;fuellabs_;0;8;28/05/2020;20:44:00;1.0;RT @ConsenSysAcad: We dove into @Reddit's Community Points ;;
Fuel Labs;fuellabs_;1;0;28/05/2020;16:52:00;0.0;@paddypisa @MoeZohiri @OffchainLabs @optimismPBC @0xinterstate We currently do this, among other aspects of our des‚Ä¶ https://t.co/zjaNPXaPnk;;
Fuel Labs;fuellabs_;0;28;27/05/2020;14:11:00;1.0;RT @spencernoon: #1: Ethereum has 380k daily active addresses (90-day MA) -- a figure not seen in over 2 years. https://t.co/zRSqgpfzdo;;
Fuel Labs;fuellabs_;0;40;27/05/2020;14:11:00;1.0;RT @spencernoon: #5: There are now 178k #DeFi users, up from 90k only 5 months ago -- a sign that Ethereum's biggest use case is starting t‚Ä¶;;
Fuel Labs;fuellabs_;0;16;27/05/2020;14:10:00;1.0;RT @spencernoon: #4: More than $7 billion in stablecoins have now been issued on Ethereum, including almost $4b in new issuance over the pa‚Ä¶;;
Fuel Labs;fuellabs_;1;0;25/05/2020;21:10:00;0.0;@critesjosh_ Not exactly sure what kind of bridging you have in mind, but you can atomically swap between Fuel and‚Ä¶ https://t.co/uAM8R3wBnF;;
Fuel Labs;fuellabs_;0;1;24/05/2020;17:24:00;1.0;RT @simonpolrot: @OnchainR - le boom du CryptoArt;;
Fuel Labs;fuellabs_;9;2;22/05/2020;20:47:00;0.0;@smykjain We sincerely disagree, millions will be easy soon, try billions.;;
Fuel Labs;fuellabs_;0;5;22/05/2020;20:11:00;1.0;RT @ChazSchmidt: This is exactly the kind of targeted scaling I like. Reddit will introduce thousands if not millions of users to Ethereum.‚Ä¶;;
Fuel Labs;fuellabs_;0;2;22/05/2020;19:56:00;1.0;RT @Timccopeland: Reddit, careful what you wish for https://t.co/frXyDTJuD5;;
Fuel Labs;fuellabs_;0;16;22/05/2020;19:56:00;1.0;RT @RyanSAdams: Last week: Reddit launched community tokens on Ethereum testnet;;
Fuel Labs;fuellabs_;0;2;22/05/2020;19:55:00;1.0;RT @jadler0: @ChainLinkGod @fuellabs_ @hkalodner @reddit Rollups themselves can be thought of as meta-transaction providers. The rollup blo‚Ä¶;;
Fuel Labs;fuellabs_;0;1;22/05/2020;18:09:00;1.0;RT @IAmNickDodson: https://t.co/Cn33AyMQHp https://t.co/1ZDSmoCTWm;;
Fuel Labs;fuellabs_;0;9;22/05/2020;18:09:00;1.0;RT @ETHGasStation: Gas prices may be rising but so are the number of scaling solutions https://t.co/bWoupRydCI;;
Fuel Labs;fuellabs_;0;4;22/05/2020;18:09:00;1.0;RT @dmihal: [FRESH] Reddit Cash (feat. Fuel, Burner) üî•üî•üî•;;
Fuel Labs;fuellabs_;0;2;22/05/2020;18:09:00;1.0;RT @dmihal: @fuellabs_ @reddit If you don't have any $MOON tokensüåù, you can check out this video of me demoing the wallet;;
Fuel Labs;fuellabs_;0;1;22/05/2020;18:08:00;1.0;RT @Dogetoshi: @fuellabs_ @reddit Who wants? https://t.co/1SIv4rQfSI;;
Fuel Labs;fuellabs_;17;2;22/05/2020;17:29:00;0.0;‚õΩüëΩ Combining Fuel with @reddit community points means users--all of them, together--can use their points on the blo‚Ä¶ https://t.co/jjExQmhdS6;;
Fuel Labs;fuellabs_;14;2;22/05/2020;17:29:00;0.0;üîÄ This represents a whole new territory for non-custodial exchange (NCEX) technology powered by Fuel‚Äôs unique UTXO-‚Ä¶ https://t.co/aOriXIoyOQ;;
Fuel Labs;fuellabs_;18;1;22/05/2020;17:29:00;0.0;ü¶Ñ In addition to transfers, this demo also features an in-app one-touch Uniswap-style non-custodial off-chain excha‚Ä¶ https://t.co/TNeB38UPv8;;
Fuel Labs;fuellabs_;8;1;22/05/2020;17:29:00;0.0;‚õΩ The Fuel rollup is the most scalable optimistic rollup in the world, designed and optimized for payments and exch‚Ä¶ https://t.co/JkpzbpTtoW;;
Fuel Labs;fuellabs_;22;1;22/05/2020;17:29:00;0.0;üêå However, the Ethereum chain can only scale so much on its own: 15 tps is pushing it to the limit, especially with‚Ä¶ https://t.co/o2TnqKJKz2;;
Fuel Labs;fuellabs_;15;2;22/05/2020;17:29:00;0.0;üëΩüåï A week ago, @reddit unveiled community points, special subreddit-specific tokens that exist on the Ethereum bloc‚Ä¶ https://t.co/WsTGRAknd9;;
Fuel Labs;fuellabs_;273;79;22/05/2020;17:29:00;0.0;‚õΩüåïüß±üî• Today we‚Äôre launching Reddit Cash: a demo of @reddit Moons and Bricks running on a Fuel-powered Burner Wallet‚Ä¶ https://t.co/GTVw7SfaRk;;
Fuel Labs;fuellabs_;0;35;22/05/2020;13:19:00;1.0;RT @peter_szilagyi: Lemme just drop this here #Ethereum https://t.co/0W4RLXVi1i;;
Fuel Labs;fuellabs_;0;3;21/05/2020;23:24:00;1.0;RT @seven7hwave: The need for L2 scaling is as strong as ever. Many compelling possibilities from the likes of @fuellabs_ @the_matter_labs‚Ä¶;;
Fuel Labs;fuellabs_;16;5;21/05/2020;12:59:00;0.0;@peter_szilagyi Fortunately, we exist to release this state bloat. Optimistic rollups provide a sustainable path fo‚Ä¶ https://t.co/k2Gew2jh2s;;
Fuel Labs;fuellabs_;0;7;18/05/2020;17:25:00;1.0;RT @branarakic: And on top of that it contributes to very important industry infrastructure - particularly securing data exchanges in globa‚Ä¶;;
Fuel Labs;fuellabs_;0;8;17/05/2020;14:53:00;1.0;RT @aliatiia_: 2 approaches playing out now in the  Optimistic / ZK Rollup scaling paradigm: ;;
Fuel Labs;fuellabs_;0;4;13/05/2020;12:32:00;1.0;"RT @solidity_lang: ""Introduction to Yul+"" by @IAmNickDodson of @fuellabs_. Yul+ is an extension to Yul, an intermediate language for the Et‚Ä¶";;
Fuel Labs;fuellabs_;0;2;12/05/2020;21:30:00;1.0;RT @IAmNickDodson: @PingChenTW We @fuellabs_ are almost ready with our production V1 build for exactly this, global stable coin transfers u‚Ä¶;;
Fuel Labs;fuellabs_;0;9;04/05/2020;23:27:00;1.0;RT @antiprosynth: Alternatively, if your supposed Ethereum layer 2 solution is secured by a token other than ETH, it's not a layer 2 soluti‚Ä¶;;
Fuel Labs;fuellabs_;0;13;03/05/2020;15:51:00;1.0;RT @IAmNickDodson: For all the UI/frontend nerds out there, just wrote a 5 minute walkthrough of Hyperapp V2.;;
Fuel Labs;fuellabs_;0;6;29/04/2020;19:58:00;1.0;RT @BeingDanNolan: Day 1 of #SoliditySummit was super interesting! Learned a tonüí•;;
Fuel Labs;fuellabs_;0;8;29/04/2020;17:02:00;1.0;RT @nanexcool: #SoliditySummit @IAmNickDodson presentation on Yul+ and especially SparsENS is eye opening. As we move to Stateless Ethereum‚Ä¶;;
Fuel Labs;fuellabs_;0;10;28/04/2020;23:58:00;1.0;RT @EthereumDenver: View the ‚ÄúScaling Ethereum with Rollups‚Äù üõ†Ô∏è‚öôÔ∏è workshop with @jadler0 of @fuellabs_ from #ETHDenver today üìΩÔ∏èüëâ https://t.‚Ä¶;;
Fuel Labs;fuellabs_;0;3;18/04/2020;19:46:00;1.0;RT @IAmNickDodson: Our new site has a cube: https://t.co/WhsiEdJFxA;;
Fuel Labs;fuellabs_;0;8;16/04/2020;02:11:00;1.0;RT @jmart_199: So cool. Just this year:;;
Fuel Labs;fuellabs_;0;17;15/04/2020;19:30:00;1.0;RT @MihailoBjelic: Gnosis evolved and grew from a prediction market to one of the most valuable projects and biggest contributors to the Et‚Ä¶;;
Fuel Labs;fuellabs_;0;56;15/04/2020;16:22:00;1.0;RT @spencernoon: Ethereum is on its way to becoming the world's single most important piece of financial infrastructure. https://t.co/rG4LG‚Ä¶;;
Fuel Labs;fuellabs_;2;0;11/04/2020;14:53:00;0.0;@isidoreducass @Phaethon_P @Maverickal_ @josephdelong They could.;;
Fuel Labs;fuellabs_;0;0;11/04/2020;12:43:00;0.0;@Phaethon_P @Maverickal_ @josephdelong Reddit and users at a very low cost, 2100 wei per tx potentially even less.;;
Fuel Labs;fuellabs_;12;0;11/04/2020;01:06:00;0.0;@Maverickal_ @josephdelong We can handle their traffic easily, as secure as L1.;;
Fuel Labs;fuellabs_;0;151;10/04/2020;17:53:00;1.0;RT @VitalikButerin: üëÄüëÄ https://t.co/KsqXNzIyLS;;
Fuel Labs;fuellabs_;0;35;10/04/2020;16:38:00;1.0;RT @spencernoon: Huge news for #Ethereum today as @reddit is launching its community money as an ERC20 token!;;
Fuel Labs;fuellabs_;0;5;10/04/2020;16:37:00;1.0;RT @Liquality_io: Have you heard? ;;
Fuel Labs;fuellabs_;0;12;07/04/2020;18:02:00;1.0;RT @ethhub_io: EthHub Weekly #108;;
Fuel Labs;fuellabs_;0;1;07/04/2020;13:57:00;1.0;RT @lorecirstea: And a shoutout to @IAmNickDodson for the work on Yul+ &amp;;
Fuel Labs;fuellabs_;0;1;07/04/2020;13:57:00;1.0;RT @lorecirstea: Yul+ announcement here: https://t.co/BnHOl5hkDC;;
Fuel Labs;fuellabs_;0;2;07/04/2020;13:57:00;1.0;RT @lorecirstea: https://t.co/qHrRgnvMNg;;
Fuel Labs;fuellabs_;2;0;07/04/2020;13:56:00;0.0;@sina_mahmoodi It's hard to quantify as we can't compare with a SOL imp. however, as an example, we write calldata‚Ä¶ https://t.co/yc9YvubzwG;;
Fuel Labs;fuellabs_;0;2;07/04/2020;13:53:00;1.0;RT @sina_mahmoodi: @fuellabs_ Nice work! Do you guys have numbers on how much this will cut proof verification costs (especially binary mul‚Ä¶;;
Fuel Labs;fuellabs_;0;5;07/04/2020;13:52:00;1.0;RT @lorecirstea: Easily write, test, debug Yul+ #smartcontracts with the Yul+ #Remix plugin:;;
Fuel Labs;fuellabs_;0;13;06/04/2020;23:21:00;1.0;RT @sassal0x: The last week in #Ethereum:;;
Fuel Labs;fuellabs_;6;4;06/04/2020;20:46:00;0.0;@meeseeking @dmihal @gitcoin Thank you @meeseeking!;;
Fuel Labs;fuellabs_;0;1;06/04/2020;20:41:00;1.0;RT @meeseeking: I love it when people from past @Gitcoin grants demonstrate what they deliver. Ran out of Twitter real estate but also ping‚Ä¶;;
Fuel Labs;fuellabs_;0;2;06/04/2020;20:41:00;1.0;RT @dmihal: @meeseeking @fuellabs_ @gitcoin Holy crap, that's incredibly generous! üòÆ;;
Fuel Labs;fuellabs_;0;8;06/04/2020;20:41:00;1.0;RT @meeseeking: Just gave $1k each to @fuellabs_ &amp;;
Fuel Labs;fuellabs_;5;0;06/04/2020;20:41:00;0.0;üõ†Ô∏è If you want to support our R&amp;;
Fuel Labs;fuellabs_;4;2;06/04/2020;20:41:00;0.0;If you missed our announcement for the first public release of Yul+, an extension of the Yul intermediate language,‚Ä¶ https://t.co/5iDTCwpIy3;;
Fuel Labs;fuellabs_;20;10;06/04/2020;20:41:00;0.0;‚õΩ Check out this Yul+ plugin for #Remix @EthereumRemix developed by the amazing @lorecirstea!;;
Fuel Labs;fuellabs_;0;9;04/04/2020;15:04:00;1.0;"RT @jadler0: Slides from my talk at NonCon 2020 @ParallelePolis #noncon2020, ""Fuel: Scaling Ethereum with Optimistic Rollups.""";;
Fuel Labs;fuellabs_;0;27;02/04/2020;16:53:00;1.0;RT @RyanSAdams: At some point ETH &amp;;
Fuel Labs;fuellabs_;0;3;02/04/2020;14:41:00;1.0;RT @sassal0x: 14/ @fuellabs_ is leading the charge on Ethereum scalability and has been very active over the last few months - releasing th‚Ä¶;;
Fuel Labs;fuellabs_;0;2;01/04/2020;21:52:00;1.0;RT @PanvalaHQ: The project with the most quadratic matching so far is @fuellabs_! Donating $1 of PAN to Fuel Labs currently earns an additi‚Ä¶;;
Fuel Labs;fuellabs_;0;29;01/04/2020;00:19:00;1.0;RT @Liquality_io: Last week, @VitalikButerin explained the need for trustless swaps between ETH &amp;;
Fuel Labs;fuellabs_;0;4;01/04/2020;00:18:00;1.0;RT @EthereumNetw: Today, Fuel Labs introduces Yul+, which adds various QoL features to Yul, a low-level intermediate language for the Ether‚Ä¶;;
Fuel Labs;fuellabs_;3;0;31/03/2020;19:27:00;0.0;@barinov @dmihal EthDenver presentation by our own @jadler0 on OR/Fuel:;;
Fuel Labs;fuellabs_;0;2;31/03/2020;15:51:00;1.0;RT @dmihal: @IAmNickDodson @svantetobias @fuellabs_ @gitcoin @jadler0 This is mine, I'll make a ticket in burner-wallet-2;;
Fuel Labs;fuellabs_;0;1;31/03/2020;14:02:00;1.0;RT @Su11on: @dmihal @fuellabs_ Blown away by the speed! Great work.;;
Fuel Labs;fuellabs_;2;0;31/03/2020;13:10:00;0.0;@barinov @dmihal There is a live coin vote embedded the medium article, you can checkout the experience first hand‚Ä¶ https://t.co/zHttkOucMG;;
Fuel Labs;fuellabs_;0;1;31/03/2020;13:06:00;1.0;RT @dmihal: Ooops, tweeted the wrong link, it's https://t.co/XEi41AsZzq;;
Fuel Labs;fuellabs_;0;10;31/03/2020;13:01:00;1.0;RT @Paradigm_fund: Biweekly update on @ethereum ;;
Fuel Labs;fuellabs_;3;0;31/03/2020;12:59:00;0.0;@Alexintosh @dmihal Wrong link: https://t.co/68zKpcsYW0;;
Fuel Labs;fuellabs_;0;1;30/03/2020;23:47:00;1.0;RT @IAmNickDodson: @Freddmannen @fuellabs_ We are aiming at 2100 wei per tx (ERC20/native) for our V1 @ current gas prices it's about $0.00‚Ä¶;;
Fuel Labs;fuellabs_;0;10;30/03/2020;16:12:00;1.0;RT @dmihal: Optimistic rollups have arrived in the Burner Wallet, thanks to @fuellabs_! üî•‚õΩÔ∏èüî•;;
Fuel Labs;fuellabs_;7;2;30/03/2020;16:10:00;0.0;üõ†Ô∏è If you want to support our R&amp;;
Fuel Labs;fuellabs_;5;2;30/03/2020;16:10:00;0.0;üí∏ Compared to the previous versions of Burner using other networks, this one has more TPS, more decentralization, m‚Ä¶ https://t.co/PAcpg2h32w;;
Fuel Labs;fuellabs_;45;15;30/03/2020;16:10:00;0.0;‚õΩüî• Fuel Labs and Burner Wallet are teaming up!;;
Fuel Labs;fuellabs_;0;1;30/03/2020;14:48:00;1.0;RT @1MillionDevs: Ethereum continues to be an exciting space to work in.;;
Fuel Labs;fuellabs_;0;1;30/03/2020;14:48:00;1.0;RT @1MillionDevs: @vasa_develop @gitcoin @3boxdb @fuellabs_ @orbit_db @IPFSbot @ceramicnetwork That's fantastic! Keep us in the loop with u‚Ä¶;;
Fuel Labs;fuellabs_;0;1;30/03/2020;01:06:00;1.0;RT @boredGenius: Would appreciate some love for the stuff I'm working on tooüòù;;
Fuel Labs;fuellabs_;0;3;30/03/2020;01:04:00;1.0;RT @MPtherealMVP: 1/ Had completely forgotten that @PanvalaHQ airdropped me a lot of PAN advisor tokens - and there's extra matching on @gi‚Ä¶;;
Fuel Labs;fuellabs_;0;3;30/03/2020;01:04:00;1.0;RT @boredGenius: Donated to some awesome @gitcoin grants:;;
Fuel Labs;fuellabs_;0;3;29/03/2020;17:31:00;1.0;RT @jadler0: @FigoFinozeros @Stan_Kladko @fuellabs_ Rollups don't have a single operator, they're permissionless (see post below). However,‚Ä¶;;
Fuel Labs;fuellabs_;3;0;28/03/2020;15:57:00;0.0;@FigoFinozeros @samczsun @prylabs @evan_van_ness @ethhub_io @antiprosynth @ChrisBlec @DeFi_Dad @ETHBerlin @gitcoin‚Ä¶ https://t.co/aE8KXdAnx5;;
Fuel Labs;fuellabs_;1;0;28/03/2020;15:57:00;0.0;@iamDCinvestor Thanks DCInvestor!;;
Fuel Labs;fuellabs_;0;3;28/03/2020;15:57:00;1.0;RT @iamDCinvestor: It's Day 6, and I'm donating 100 DAI to the @fuellabs_ team, helping to scale Ethereum through optimistic rollups.;;
Fuel Labs;fuellabs_;0;3;28/03/2020;15:57:00;1.0;RT @FigoFinozeros: Just contributed 30 DAI to round 5 of Gitcoin Grants. Covid-21 or not, #Ethereum keeps on chugging...;;
Fuel Labs;fuellabs_;0;2;27/03/2020;23:08:00;1.0;RT @danfinlay: I‚Äôm so excited to see @fuellabs_ deliver their L2 rollup solution, and from what I‚Äôve seen, it‚Äôs close as can be, and they‚Äôv‚Ä¶;;
Fuel Labs;fuellabs_;9;2;27/03/2020;18:30:00;0.0;üõ†Ô∏è If you want to support our R&amp;;
Fuel Labs;fuellabs_;19;7;27/03/2020;18:30:00;0.0;‚õΩ The Fuel Labs community Gitter chat is now live!;;
Fuel Labs;fuellabs_;2;0;26/03/2020;17:54:00;0.0;@_SamWilsn_ We have a step-by-step blog post out on running Fuel with NodeJS here:;;
Fuel Labs;fuellabs_;0;7;26/03/2020;16:16:00;1.0;RT @1inchExchange: Today we donated to one of the best #DeFi &amp;;
Fuel Labs;fuellabs_;0;2;26/03/2020;16:16:00;1.0;RT @THXprotocol: Just contributed to;;
Fuel Labs;fuellabs_;0;4;26/03/2020;00:18:00;1.0;RT @defipulse: Truly an amazing step along @MakerDAO's path so far!;;
Fuel Labs;fuellabs_;0;3;25/03/2020;16:55:00;1.0;RT @traders_insight: @gitcoin grants round #5 has started!;;
Fuel Labs;fuellabs_;0;44;25/03/2020;02:09:00;1.0;RT @VitalikButerin: Reminder: this round of @gitcoin grants has two new features:;;
Fuel Labs;fuellabs_;1;0;24/03/2020;23:25:00;0.0;@_franzihei @solidity_lang @jadler0 @IAmNickDodson We just submitted out application, thank you!;;
Fuel Labs;fuellabs_;0;1;24/03/2020;23:11:00;1.0;RT @_franzihei: @fuellabs_ Congrats to the release! We're hosting an online #SoliditySummit end of April. Would you guys be interested in g‚Ä¶;;
Fuel Labs;fuellabs_;4;0;24/03/2020;23:11:00;0.0;@_franzihei @solidity_lang @jadler0 We are absolutely interested!;;
Fuel Labs;fuellabs_;0;3;24/03/2020;16:03:00;1.0;RT @dmihal: My first round of @gitcoin CLR donations went to:;;
Fuel Labs;fuellabs_;11;2;24/03/2020;16:02:00;0.0;üõ†Ô∏è If you want to support our R&amp;;
Fuel Labs;fuellabs_;9;1;24/03/2020;16:02:00;0.0;üîó If you‚Äôre building a stateless contract, including an optimistic rollup, then you‚Äôll find that Yul+ will remove a‚Ä¶ https://t.co/5QiflqLtr2;;
Fuel Labs;fuellabs_;7;0;24/03/2020;16:02:00;0.0;‚ûï Yul+ adds a number of QoL improvements, such as enums, constants, Booleans, and by-default safemath. But most imp‚Ä¶ https://t.co/cRYTawuLg5;;
Fuel Labs;fuellabs_;9;1;24/03/2020;16:02:00;0.0;üî™ Why is this needed? Solidity doesn‚Äôt support pass-by-reference or slices.;;
Fuel Labs;fuellabs_;149;42;24/03/2020;16:02:00;0.0;‚õΩ Today we‚Äôre proud to release the first public version of Yul+, new low-level language for Ethereum!;;
Fuel Labs;fuellabs_;0;24;23/03/2020;15:28:00;1.0;RT @spencernoon: Stablecoins on $ETH: a-$4.75B-and-rapidly-approaching-escape-velocity economy;;
Fuel Labs;fuellabs_;0;2;17/03/2020;16:52:00;1.0;RT @jadler0: @_prestwich @ConnextNetwork Coda^2: at @fuellabs_ we will never have a token, and have already shipped a technically feature-c‚Ä¶;;
Fuel Labs;fuellabs_;5;0;13/03/2020;04:01:00;0.0;@josephdelong We won't be overthrowing stores of value, but we will change the technological landscape.;;
Fuel Labs;fuellabs_;0;1;08/03/2020;15:56:00;1.0;RT @jadler0: @homakov @paddypisa @anydotcrypto For optimistic rollups, @fuellabs_ and it's not even close.;;
Fuel Labs;fuellabs_;3;0;06/03/2020;18:00:00;0.0;@FigoFinozeros @DZack23 We require no *oracle*.;;
Fuel Labs;fuellabs_;2;1;05/03/2020;19:59:00;0.0;@Chloethedev @EthCC_ Code:;;
Fuel Labs;fuellabs_;0;3;05/03/2020;19:58:00;1.0;RT @Chloethedev: @fuellabs_ also looking super cool üëÄ it's crazy to have heard about all these projects before, but never really took a loo‚Ä¶;;
Fuel Labs;fuellabs_;0;1;05/03/2020;19:13:00;1.0;RT @0x_____________: @econoar @jadler0 @fuellabs_ https://t.co/gIorWc8gWT;;
Fuel Labs;fuellabs_;0;15;05/03/2020;19:13:00;1.0;RT @econoar: A new Into the Ether is live!;;
Fuel Labs;fuellabs_;0;7;05/03/2020;19:13:00;1.0;"RT @jadler0: Slides from my talk at #EthCC @EthCC_, ""Fuel - A Trustless Scalable Sidechain.""";;
Fuel Labs;fuellabs_;2;0;02/03/2020;17:58:00;0.0;@KamesCG @jadler0 In close contact with the Burner team already.;;
Fuel Labs;fuellabs_;0;2;02/03/2020;17:56:00;1.0;RT @jadler0: @KamesCG @fuellabs_ cc @IAmNickDodson ;;
Fuel Labs;fuellabs_;0;2;02/03/2020;17:56:00;1.0;RT @jadler0: @KamesCG @fuellabs_ @IAmNickDodson @EthereumDenver The @fuellabs_' optimistic rollup* üòÇ.;;
Fuel Labs;fuellabs_;0;1;02/03/2020;17:56:00;1.0;RT @KamesCG: @jadler0 @fuellabs_ @IAmNickDodson @EthereumDenver Excuse me optimistic rollup* ;;
Fuel Labs;fuellabs_;0;45;28/02/2020;20:57:00;1.0;RT @wighawag: Hey all, finally releasing my article on #ethereum and gas : https://t.co/VFgTSocIXa;;
Fuel Labs;fuellabs_;31;8;28/02/2020;19:33:00;0.0;800 followers today üí™;;
Fuel Labs;fuellabs_;1;0;28/02/2020;19:31:00;0.0;@nicksdjohnson @wighawag Agreed. Removed!;;
Fuel Labs;fuellabs_;0;5;28/02/2020;18:54:00;1.0;RT @gluk64: Great move, @leapdao!  The smartest teams in crypto are jumping from sidechains and plasma to the much more feasible model of r‚Ä¶;;
Fuel Labs;fuellabs_;0;3;27/02/2020;18:23:00;1.0;RT @tadashimn: Fuel „ÅÆ Optimistic Rollup „Çµ„Ç§„Éâ„ÉÅ„Çß„Éº„É≥„Çí‰Ωø„Å£„Å¶Áñë‰ºº DAI „ÅÆÈÄÅÈáë„ÇíË°å„ÅÜ„ÉÅ„É•„Éº„Éà„É™„Ç¢„É´„ÄÇNode.js „Çí‰Ωø„Å£„Å¶10ÂàÜ‰ª•ÂÜÖ„ÅßË©¶„Åõ„Çã„Å®„ÅÆ„Åì„Å® https://t.co/vXpO9NWlvK;;
Fuel Labs;fuellabs_;0;4;27/02/2020;18:23:00;1.0;RT @danfinlay: L2 is so near.... https://t.co/5CT3dsFGOq;;
Fuel Labs;fuellabs_;39;15;27/02/2020;16:24:00;0.0;‚õΩÔ∏èFuel in NodeJS in under 10 minutes! üî•;;
Fuel Labs;fuellabs_;0;12;26/02/2020;20:30:00;1.0;RT @jadler0: Plasma was always permissioned, or degenerated to being permissioned.;;
Fuel Labs;fuellabs_;0;7;22/02/2020;21:24:00;1.0;RT @gakonst: Money Legos or Money Jenga?;;
Fuel Labs;fuellabs_;0;11;20/02/2020;21:07:00;1.0;RT @PayTrie: New #DeFi for Canadians series - ‚ÄúDeFi Primer‚Äù. ;;
Fuel Labs;fuellabs_;0;510;20/02/2020;20:58:00;1.0;RT @blockfolio: BREAKING: Sweden just started testing the world's first central bank digital currency.;;
Fuel Labs;fuellabs_;5;0;20/02/2020;20:16:00;0.0;@RyanSAdams Agreed üí™üî•;;
Fuel Labs;fuellabs_;0;3;20/02/2020;20:16:00;1.0;RT @iamDCinvestor: @RyanSAdams Rollups are also ETH 2.5;;
Fuel Labs;fuellabs_;18;4;20/02/2020;18:29:00;0.0;‚õΩv0.0.9 is live, get your fake Dai now!;;
Fuel Labs;fuellabs_;6;0;20/02/2020;17:50:00;0.0;@MolochDAO @DZack23 We want to personally thank @MolochDAO for aiding in the production of this detailed rollups prospectus.;;
Fuel Labs;fuellabs_;0;4;20/02/2020;17:47:00;1.0;RT @MolochDAO: This is the first comprehensive report of this type for Rollups. Projects covered include:;;
Fuel Labs;fuellabs_;1;0;20/02/2020;17:21:00;0.0;@paddypisa @EthCC_ Agreed.;;
Fuel Labs;fuellabs_;0;52;20/02/2020;17:12:00;1.0;RT @DZack23: It's arrived ‚Äî The State of Optimistic Rollup!;;
Fuel Labs;fuellabs_;0;125;18/02/2020;18:56:00;1.0;RT @VitalikButerin: The planned uniswap v2 price oracle design is resistant to the recent flash loan attacks. https://t.co/Qd7Z3Vqgk9;;
Fuel Labs;fuellabs_;3;0;17/02/2020;18:16:00;0.0;@homakov @FigoFinozeros @jadler0 Channels can certainly be a less complex construction, however the collateral and‚Ä¶ https://t.co/GP4NAPGM4Q;;
Fuel Labs;fuellabs_;0;3;17/02/2020;16:52:00;1.0;RT @FigoFinozeros: Also much easier to use L2 scaling tech like Optimistic Rollups like @fuellabs_ than complicated tech like Lightning (Ra‚Ä¶;;
Fuel Labs;fuellabs_;0;1;15/02/2020;19:51:00;1.0;RT @stskeeps: Playing with @zippiehq stack and @fuellabs_ tonight;;
Fuel Labs;fuellabs_;0;3;15/02/2020;19:51:00;1.0;RT @9dai_5: .@fuellabs_ „ÅÆJohn„Å´„Çà„Çã„ÄÅETHDenver„ÅÆÁô∫Ë°®„Çπ„É©„Ç§„Éâ„ÅåÂÖ¨Èñã„Åï„Çå„Å¶„ÅÑ„Åæ„Åô„ÄÇÁöÜÂ§ßÂ•Ω„ÅçOptimistic Rollup„Å®zk Rollup„ÅÆÈÅï„ÅÑ„ÄÅ„Å™„Å©„Å™„Å©„Å´„Å§„ÅÑ„Å¶„ÄÇ https://t.co/82rCupVSId;;
Fuel Labs;fuellabs_;16;2;14/02/2020;20:45:00;0.0;‚õΩÔ∏è copy / paste to get started:;;
Fuel Labs;fuellabs_;0;10;14/02/2020;19:53:00;1.0;RT @nicksdjohnson: We were informed of the ENS registry vulnerability the day before my wedding. Since then I haven't had a chance to take‚Ä¶;;
Fuel Labs;fuellabs_;0;5;13/02/2020;20:54:00;1.0;RT @ercwl: (üçø)^2 https://t.co/h5LrTtGcKl;;
Fuel Labs;fuellabs_;0;8;11/02/2020;19:27:00;1.0;RT @spencernoon: @antiprosynth For people who have a circa 2012-13 BTC risk appetite, ETH right now is basically your chance to do that tra‚Ä¶;;
Fuel Labs;fuellabs_;0;1;06/02/2020;19:06:00;1.0;RT @jadler0: @AFDudley0 @IAmNickDodson @iamtexture Code for an optimistic rollup that can process payments is publicly available here üëá, in‚Ä¶;;
Fuel Labs;fuellabs_;23;5;05/02/2020;21:39:00;0.0;Rollups are a promising avenue for scaling Ethereum today, and synergize with the increased data availability throu‚Ä¶ https://t.co/Lv697QApUE;;
Fuel Labs;fuellabs_;3;0;01/02/2020;21:00:00;0.0;@seven7hwave @StarkWareLtd @the_matter_labs @idexio We see a very immediate need for low-cost censorship resistant‚Ä¶ https://t.co/wavwo7UtJw;;
Fuel Labs;fuellabs_;3;0;01/02/2020;20:30:00;0.0;@seven7hwave @StarkWareLtd @the_matter_labs @idexio Note, we have far more than just stable coin transactions comin‚Ä¶ https://t.co/b9gsPMd14O;;
Fuel Labs;fuellabs_;0;12;31/01/2020;15:39:00;1.0;RT @DZack23: Hot take: Fuel is creating a Bitcoin maximalist's nightmare version of Bitcoin:;;
Fuel Labs;fuellabs_;0;4;31/01/2020;15:39:00;1.0;RT @trent_vanepps: the dream of colored coins is alive ... on ethereum ;;
Fuel Labs;fuellabs_;0;5;28/01/2020;14:28:00;1.0;RT @DistStateAndMe: The Optimistic Roll Up Fuel.sol is 2k+ Lines of Code ü§Øü§Ø. While this might not be correlated with how good it is .. hats‚Ä¶;;
Fuel Labs;fuellabs_;0;2;27/01/2020;23:08:00;1.0;RT @EthereumNetw: Announcing the Fuel v0 Open Beta;;
Fuel Labs;fuellabs_;10;3;27/01/2020;19:24:00;0.0;@ashwinrz @jadler0 A great read on the Plasma story and what's next for Ethereum scaling, namely, optimistic and zk-rollups.;;
Fuel Labs;fuellabs_;0;72;27/01/2020;19:22:00;1.0;RT @ashwinrz: Two years ago, Plasma was considered the future of Ethereum scalability. But today Plasma is dead. Everyone has moved on to r‚Ä¶;;
Fuel Labs;fuellabs_;0;4;27/01/2020;18:39:00;1.0;RT @Ethereum_France: - üö∂‚Äç‚ôÄÔ∏èüö∂‚Äç‚ôÇÔ∏èLes NFT comme des preuves d‚Äôidentit√© ou de validations;;
Fuel Labs;fuellabs_;0;0;25/01/2020;21:00:00;0.0;@Thintandgrow @ethereum @jadler0 @thintandgrow Fantastic work on this video! Please feel free to DM us if you have any further questions.;;
Fuel Labs;fuellabs_;0;5;24/01/2020;20:35:00;1.0;RT @IAmNickDodson: Excited to announce I'll be at @EthCC_ this year discussing the latest and greatest in high performance, massively scala‚Ä¶;;
Fuel Labs;fuellabs_;24;5;23/01/2020;19:42:00;0.0;üôè A big thank you to everyone who contributed to our @gitcoin grant! We‚Äôll be working hard on scaling Ethereum sust‚Ä¶ https://t.co/avJug4Ke4I;;
Fuel Labs;fuellabs_;0;7;23/01/2020;19:31:00;1.0;RT @IAmNickDodson: The @ethersproject (i.e. ethers.js) needs more love, only 185 followers.. Yet one of our most critical pieces of infrast‚Ä¶;;
Fuel Labs;fuellabs_;0;1;23/01/2020;19:31:00;1.0;RT @IAmNickDodson: @ethersproject @ricmoo Gitcoin grants page can be found here:;;
Fuel Labs;fuellabs_;0;7;23/01/2020;18:21:00;1.0;RT @EthereumNetw: #Ethereum biweekly: Ecosystem and projects‚Äô updates, opinion and research articles by @Paradigm_fund;;
Fuel Labs;fuellabs_;0;7;22/01/2020;20:57:00;1.0;RT @EthfinanceR: üç± Rollup Roundup: Understanding Ethereum's Emerging Layer 2 via /r/ethfinance https://t.co/NsZqNEQzFW $ETH #Ethereum #EthF‚Ä¶;;
Fuel Labs;fuellabs_;0;0;22/01/2020;03:29:00;0.0;@matt_garnett @BenDiFrancesco @evabeylin @optimismPBC @loopringorg @the_matter_labs @jadler0 Your concern is accura‚Ä¶ https://t.co/9HualTpqO4;;
Fuel Labs;fuellabs_;1;0;22/01/2020;03:21:00;0.0;@matt_garnett @BenDiFrancesco @evabeylin @optimismPBC @loopringorg @the_matter_labs If you would like to go deeper‚Ä¶ https://t.co/ec5Q4kAvv3;;
Fuel Labs;fuellabs_;1;0;22/01/2020;03:18:00;0.0;@matt_garnett @BenDiFrancesco @evabeylin @optimismPBC @loopringorg @the_matter_labs Fraud proofs can be made very c‚Ä¶ https://t.co/TgBxKfuqTF;;
Fuel Labs;fuellabs_;0;4;22/01/2020;02:06:00;1.0;RT @ChazSchmidt: üì£ üì£ üì£ üì£ üì£;;
Fuel Labs;fuellabs_;0;39;22/01/2020;01:19:00;1.0;RT @gitcoin: Thats a wrap. CLR Round 4 is closed.;;
Fuel Labs;fuellabs_;0;8;22/01/2020;01:19:00;1.0;RT @sassal0x: Congrats to the entire @gitcoin team on an amazing round 4 of CLR matching!;;
Fuel Labs;fuellabs_;0;2;21/01/2020;22:32:00;1.0;RT @zharjac: Made a very modest contribution via @gitcoin to:;;
Fuel Labs;fuellabs_;0;1;21/01/2020;19:50:00;1.0;RT @AmwFund: @BenDiFrancesco @gitcoin @quickblocks @nethermindeth @prylabs @SablierHQ @TornadoCash @sigp @rotkiapp @fuellabs_ @ethhub_io @R‚Ä¶;;
Fuel Labs;fuellabs_;0;5;21/01/2020;19:22:00;1.0;RT @BenDiFrancesco: @gitcoin @quickblocks @nethermindeth @prylabs Some more last minute @gitcoin grant contributions, aiming for the bigges‚Ä¶;;
Fuel Labs;fuellabs_;0;4;21/01/2020;18:52:00;1.0;RT @ChainLinkGod: Good article on some of the projects building ZK/Optimistic #Rollups (L2 sidechains) which will securely scale #Ethereum‚Ä¶;;
Fuel Labs;fuellabs_;1;0;21/01/2020;18:05:00;0.0;@JimmySmalls2049 @ETHGasStation Withdrawal time with HTLC's and liquidity providers will be near instant. Without,‚Ä¶ https://t.co/kqeKTpXjVO;;
Fuel Labs;fuellabs_;0;10;21/01/2020;18:02:00;1.0;RT @Paradigm_fund: Biweekly update on @ethereum ;;
Fuel Labs;fuellabs_;0;1;21/01/2020;18:01:00;1.0;RT @blockonomi: Fuel Labs Kicks Ethereum Scaling Tech Plans Into Gear With Launch of Testnets;;
Fuel Labs;fuellabs_;0;7;20/01/2020;21:11:00;1.0;RT @cryptobuzznews: What‚Äôs new? The last week in #Ethereum:;;
Fuel Labs;fuellabs_;0;12;20/01/2020;21:11:00;1.0;RT @EthereumNetw: Fuel Labs goes live with public testnet of scalable Ethereum sidechain.;;
Fuel Labs;fuellabs_;0;15;20/01/2020;20:07:00;1.0;RT @sassal0x: The last week in #Ethereum:;;
Fuel Labs;fuellabs_;0;5;20/01/2020;17:42:00;1.0;RT @BenDiFrancesco: @optimismPBC @fuellabs_ @loopringorg @the_matter_labs This issue is now available on the web!;;
Fuel Labs;fuellabs_;0;5;20/01/2020;17:30:00;1.0;RT @BenDiFrancesco: üóû This week‚Äôs Build Blockchain is a ‚ÄúRollup Roundup‚Äù.;;
Fuel Labs;fuellabs_;0;21;20/01/2020;17:10:00;1.0;RT @techreview: Cash is on its way out. You might not think that‚Äôs anything to worry about but there‚Äôs a catch. When we lose cash, we lose‚Ä¶;;
Fuel Labs;fuellabs_;2;0;20/01/2020;17:09:00;0.0;@th_sat ‰∏ñÁïå„ÇíÂ§â„Åà„Çã„Ç™„Éº„Éó„É≥„Éô„Éº„Çø„ÄÇ;;
Fuel Labs;fuellabs_;0;7;20/01/2020;17:04:00;1.0;RT @th_sat: optimistic rollupÁî®„ÅÑ„Åü„Çπ„Ç±„Éº„É©„Éñ„É´„Å™„Çµ„Ç§„Éâ„ÉÅ„Çß„Éº„É≥Fuel„ÄÅv0„ÅÆ„Ç™„Éº„Éó„É≥„Éô„Éº„ÇøÁâà„ÇíÁô∫Ë°®„ÄÇ https://t.co/clAb492Q8s;;
Fuel Labs;fuellabs_;5;0;20/01/2020;17:04:00;0.0;@ETHGasStation We will not stop until a democratized infrastructure for scalable borderless digital cash is enabled‚Ä¶ https://t.co/jPBCoeu4rf;;
Fuel Labs;fuellabs_;0;10;20/01/2020;17:02:00;1.0;RT @ETHGasStation: Who doesn't like the sound of stablecoin scaling powered by optimistic rollup? ;;
Fuel Labs;fuellabs_;1;0;20/01/2020;16:49:00;0.0;@peterk @jadler0;;
Fuel Labs;fuellabs_;1;0;20/01/2020;16:49:00;0.0;@DZack23 @StopAndDecrypt @jadler0;;
Fuel Labs;fuellabs_;0;1;20/01/2020;16:48:00;1.0;RT @crypt0moon: @fuellabs_ ‚ÄúOne key principle that we will defend to the death is that Fuel is ‚Äî and will always be ‚Äî completely tokenless.‚Ä¶;;
Fuel Labs;fuellabs_;0;1;20/01/2020;16:48:00;1.0;RT @DZack23: @fuellabs_ Its_happening.gif;;
Fuel Labs;fuellabs_;4;1;20/01/2020;16:48:00;0.0;@andyzhu87 @evan_van_ness Thanks Andy! We are looking forwarding to your EVM compatibility approach.;;
Fuel Labs;fuellabs_;17;4;19/01/2020;22:15:00;0.0;üõ†Ô∏è If you‚Äôd like to help with our R&amp;;
Fuel Labs;fuellabs_;143;41;19/01/2020;22:15:00;0.0;‚õΩ Excited about the Fuel beta testnet release and massively scalable stablecoin payments on Ethereum? We just publi‚Ä¶ https://t.co/tTCRRLDQuD;;
Fuel Labs;fuellabs_;0;8;19/01/2020;21:22:00;1.0;RT @ChainLinkGod: Just donated 10 more $DAI to some great #Ethereum-focused open source projects using @gitcoin;;
Fuel Labs;fuellabs_;0;0;18/01/2020;19:57:00;0.0;@jbrukh @0xinterstate @optimism @lazyledger_io Liquidity providers are an avenue, yes.;;
Fuel Labs;fuellabs_;2;0;18/01/2020;19:08:00;0.0;@0xinterstate @jbrukh @optimism Agreed üí™;;
Fuel Labs;fuellabs_;0;3;18/01/2020;19:06:00;1.0;RT @0x_____________: Support our Rollups!;;
Fuel Labs;fuellabs_;1;0;18/01/2020;19:06:00;0.0;@jbrukh @0xinterstate @optimism @lazyledger_io Again, they are but are not necessary to secure the network. This go‚Ä¶ https://t.co/DrCFU1ic3y;;
Fuel Labs;fuellabs_;2;0;18/01/2020;19:05:00;0.0;@trent_vanepps @0xinterstate @jbrukh @optimism @lazyledger_io Depending on implementation, yes, this is without ZkRollups.;;
Fuel Labs;fuellabs_;7;0;18/01/2020;19:04:00;0.0;@jbrukh @optimism @0xinterstate They absolutely can, but are completely unnecessary for crypto-economic security. B‚Ä¶ https://t.co/O4DDFMQAUd;;
Fuel Labs;fuellabs_;0;7;17/01/2020;18:20:00;1.0;RT @delitzer: Great to see @PoolTogether_ featured today in both @laurashin's Unconfirmed podcast and @CamiRusso's The Defiant newsletter.‚Ä¶;;
Fuel Labs;fuellabs_;3;0;17/01/2020;16:47:00;0.0;@FigoFinozeros This is correct. Trustless, sustainable, scaling can be achieved on Ethereum right now.;;
Fuel Labs;fuellabs_;0;5;17/01/2020;16:41:00;1.0;RT @FigoFinozeros: With Optimistic Rollups (OR) on Ethereum  it's easy.;;
Fuel Labs;fuellabs_;0;3;15/01/2020;22:18:00;1.0;RT @dmihal: @evan_van_ness @fuellabs_ @StarkWareLtd @loopringorg @AaveAave @Luxfactorycom @AndrewSteinwold Exciting week for L2!;;
Fuel Labs;fuellabs_;3;0;15/01/2020;19:09:00;0.0;@pedrouid @ricmoo @gitcoin We use ethers regularly. An extremely well tested high-quality library.;;
Fuel Labs;fuellabs_;0;2;15/01/2020;19:08:00;1.0;RT @pedrouid: I just funded ethers.js by @ricmoo  on @gitcoin ;;
Fuel Labs;fuellabs_;3;0;15/01/2020;18:58:00;0.0;@tokenstate With OR, EOS/TRON will no longer be relevant. Cheap, efficient and reasonable finality transactions wil‚Ä¶ https://t.co/DAl5XieaRH;;
Fuel Labs;fuellabs_;0;11;15/01/2020;18:12:00;1.0;RT @TrustNodes: Gavin Andresen Pivots to Ethereum;;
Fuel Labs;fuellabs_;0;1;15/01/2020;15:00:00;1.0;RT @scupytrooples: @gitcoin @MetaFam 1DAI -&gt;;
Fuel Labs;fuellabs_;21;1;14/01/2020;23:01:00;0.0;@0xinterstate @antiprosynth Very exciting @0xinterstate! It should be noted for contributors that both our teams ha‚Ä¶ https://t.co/Vxp3kPglWi;;
Fuel Labs;fuellabs_;9;2;14/01/2020;19:18:00;0.0;@meeseeking @jadler0 @gitcoin üî•Thank you @meeseeking!! Please let us know if you would like to get in touch, our DM‚Ä¶ https://t.co/UTg5zfe1TL;;
Fuel Labs;fuellabs_;0;7;14/01/2020;19:14:00;1.0;RT @meeseeking: Just gave 8.88 $ETH to @jadler0 for his @fuellabs_ grant on @gitcoin. John rocks and if you read the description, it's exac‚Ä¶;;
Fuel Labs;fuellabs_;3;1;14/01/2020;17:48:00;0.0;@MihailoBjelic This will change. We can put those megawatts to work.;;
Fuel Labs;fuellabs_;1;0;14/01/2020;17:47:00;0.0;@gakonst Do not fear inline assembly, namely, Yul. We have upwards of thousands of lines of it, and we trust it's c‚Ä¶ https://t.co/JPGAcojlL3;;
Fuel Labs;fuellabs_;28;11;13/01/2020;21:33:00;0.0;Fuel Labs is building state-of-the-art Optimistic Rollup technology. If you want to help us build the future of tru‚Ä¶ https://t.co/vsalhpDh7T;;
Fuel Labs;fuellabs_;0;12;13/01/2020;20:05:00;1.0;RT @sassal0x: The last week in crypto:;;
Fuel Labs;fuellabs_;0;2;13/01/2020;16:40:00;1.0;RT @RaymondDurk: It is great to see the roll up tech coming along. https://t.co/rvWWnIW36I;;
Fuel Labs;fuellabs_;0;9;10/01/2020;23:40:00;1.0;RT @IslandHunting: Built on #Ethereum https://t.co/fZNAWFdk49;;
Fuel Labs;fuellabs_;0;1;10/01/2020;18:58:00;1.0;RT @SuperRareJohn: @fuellabs_ @IAmNickDodson crushing the game as usual;;
Fuel Labs;fuellabs_;0;1;10/01/2020;18:58:00;1.0;RT @herveblockchain: @fuellabs_ optimistic now i feel. you made my day.;;
Fuel Labs;fuellabs_;0;1;10/01/2020;18:58:00;1.0;RT @ShillerThe: @WeissCrypto Worth checking out what @fuellabs_ tweeted;;
Fuel Labs;fuellabs_;0;4;10/01/2020;16:58:00;1.0;RT @undefinedza: Optimistic rollups are here! üíñ https://t.co/y3Y2Ilnl4J;;
Fuel Labs;fuellabs_;3;0;10/01/2020;16:57:00;0.0;@kevingaspar @MolochDAO @jadler0;;
Fuel Labs;fuellabs_;0;4;10/01/2020;02:00:00;1.0;RT @KamesCG: Proud to be a supporter of @fuellabs_  scaling Eth 1.0 today! https://t.co/bqoTUDrhmS https://t.co/gKe1wEOAsJ;;
Fuel Labs;fuellabs_;0;6;10/01/2020;01:59:00;1.0;RT @iamDCinvestor: Congrats @fuellabs_!;;
Fuel Labs;fuellabs_;29;2;09/01/2020;20:52:00;0.0;@RyanSAdams Our testnet contracts supports all ERC20 tokens.;;
Fuel Labs;fuellabs_;27;6;09/01/2020;20:15:00;0.0;üõ†Ô∏è If you want to support our R&amp;;
Fuel Labs;fuellabs_;16;1;09/01/2020;20:15:00;0.0;üîÄ Our initial version supports UTXO-style transactions and HTLCs, which enable atomic swaps. This allows users to w‚Ä¶ https://t.co/BQn8Il4zsz;;
Fuel Labs;fuellabs_;17;1;09/01/2020;20:15:00;0.0;‚ûï In addition to our Fuel optimistic rollup chain, we‚Äôll soon be releasing an extended version of Yul, Yul+, which‚Ä¶ https://t.co/lUJq2e8KYS;;
Fuel Labs;fuellabs_;26;1;09/01/2020;20:15:00;0.0;üèÉ We‚Äôll be running a series of short-lived testnets over the coming months, with a long-running public testnet slat‚Ä¶ https://t.co/171elInC7z;;
Fuel Labs;fuellabs_;236;75;09/01/2020;20:15:00;0.0;‚åö Soon‚Ñ¢ = now;;
Fuel Labs;fuellabs_;0;9;09/01/2020;04:21:00;1.0;RT @ChainLinkGod: I just donated 10 $DAI to: ;;
Fuel Labs;fuellabs_;0;6;07/01/2020;04:14:00;1.0;RT @CryptoParent: 1) Donate as little as 1 DAI to open source teams.;;
Fuel Labs;fuellabs_;0;3;06/01/2020;22:05:00;1.0;RT @iamDCinvestor: I just funded this grant on @gitcoin =&gt;;
Fuel Labs;fuellabs_;2;0;06/01/2020;21:30:00;0.0;@josephdelong @sassal0x We are interested, DM us.;;
Fuel Labs;fuellabs_;0;4;04/01/2020;01:32:00;1.0;RT @seven7hwave: Bullshit Narrative #2: ETH can't scale.;;
Fuel Labs;fuellabs_;0;23;03/01/2020;18:03:00;1.0;RT @TrustlessState: 3M ETH locked in DeFi!üéâüçæü§ó;;
Fuel Labs;fuellabs_;2;0;01/01/2020;19:03:00;0.0;@factcheckmypost @VitalikButerin Syncing and validating calldata is computationally trivial and can be parallelized‚Ä¶ https://t.co/YsXh1ST6mX;;
Fuel Labs;fuellabs_;0;9;01/01/2020;18:05:00;1.0;RT @VitalikButerin: If this pattern persists, that implies that post-sharding when gas costs drop, prover costs will dominate. So optimisti‚Ä¶;;
Fuel Labs;fuellabs_;0;35;31/12/2019;16:58:00;1.0;RT @L_Nakaghini: When you see ETH and BTC fans fighting on Twitter, remember that most ETH fans know more about BTC than BTC fans do. Most‚Ä¶;;
Fuel Labs;fuellabs_;1;0;30/12/2019;20:37:00;0.0;@Dogetoshi Soon TM.;;
Fuel Labs;fuellabs_;3;0;30/12/2019;18:29:00;0.0;@pyskell Soon TM.;;
Fuel Labs;fuellabs_;0;18;28/12/2019;19:17:00;1.0;RT @IAmNickDodson: Ethereum is a public good. We need to fix/improve some incentive issues in the community, thats about it. Scaling is on‚Ä¶;;
Fuel Labs;fuellabs_;0;19;28/12/2019;17:56:00;1.0;"RT @jadler0: Just published ""Security and Scalability in Committee-Based Blockchain Sharding.""";;
Fuel Labs;fuellabs_;0;0;27/12/2019;17:35:00;0.0;@Crypto_Games_de Soon TM.;;
Fuel Labs;fuellabs_;92;12;24/12/2019;17:37:00;0.0;We won't stop until Ethereum sustainably and efficiently scales.;;
Fuel Labs;fuellabs_;0;3;23/12/2019;19:54:00;1.0;RT @peter_szilagyi: @izqui9 @mysticryuujin I think the issue stems from everyone jumping on the Eth2 train. That's all the rage for the pas‚Ä¶;;
Fuel Labs;fuellabs_;0;0;21/12/2019;18:30:00;0.0;@bvaivoda @IAmNickDodson @Primate411 @JuergenStrobel @IslandHunting @peterktodd Yeah, agreed.;;
Fuel Labs;fuellabs_;0;2;20/12/2019;22:10:00;1.0;RT @jadler0: @badcryptobitch @josephdelong We'll be releasing our spec and code for @fuellabs_ in a couple weeks, so stay tuned for that.‚Ä¶;;
Fuel Labs;fuellabs_;4;0;20/12/2019;20:40:00;0.0;@defipulse @antiprosynth Make it cheaper and easier to use.;;
Fuel Labs;fuellabs_;0;186;20/12/2019;18:35:00;1.0;RT @RyanSAdams: I feel like i'm taking crazy pills;;
Fuel Labs;fuellabs_;0;1;19/12/2019;16:53:00;1.0;RT @Freddmannen: @KamesCG @fuellabs_ I'll chip in during the quadratic funding thingy;;
Fuel Labs;fuellabs_;6;1;19/12/2019;03:26:00;0.0;@realLedgerwatch Rollups will address this, checkout out our blog post:;;
Fuel Labs;fuellabs_;1;0;18/12/2019;22:23:00;0.0;@gitcoin Every donation counts, small or large.  Each getting us one step closer to trustless scalable rollups for Ethereum.;;
Fuel Labs;fuellabs_;3;0;18/12/2019;22:11:00;0.0;@KamesCG Thanks Kames! It means lower gas fees for every user and developer transacting on Ethereum, let's get this done.;;
Fuel Labs;fuellabs_;0;7;18/12/2019;22:07:00;1.0;RT @KamesCG: Do you care about Ethereum?;;
Fuel Labs;fuellabs_;0;0;18/12/2019;21:02:00;0.0;@RyanSAdams Also note, with rollups we have near zero non-custodial stable coin transfer fees -- lets see the banks‚Ä¶ https://t.co/Bwe7qhRu3k;;
Fuel Labs;fuellabs_;2;0;18/12/2019;20:54:00;0.0;@iamDCinvestor @ethereum @gitcoin You can think of our approach as a feature rich alternative to SNARK-based layer-‚Ä¶ https://t.co/TZum0f1ruP;;
Fuel Labs;fuellabs_;2;0;18/12/2019;20:42:00;0.0;@iamDCinvestor @ethereum We are seeking donations here for immediate research items and development which can bring‚Ä¶ https://t.co/vkeF3tXQju;;
Fuel Labs;fuellabs_;45;15;18/12/2019;20:39:00;0.0;We've launched a @Gitcoin grants page to fund bleeding-edge research and development on scaling Ethereum using opti‚Ä¶ https://t.co/Aaa0Qr0yWH;;
Fuel Labs;fuellabs_;1;0;18/12/2019;20:00:00;0.0;@iamDCinvestor @ethereum How about to layer-2 scaling which can effect change more immediately.;;
Fuel Labs;fuellabs_;0;99;18/12/2019;18:26:00;1.0;RT @owocki: I saw a blockchain team the other day.;;
Fuel Labs;fuellabs_;5;0;14/12/2019;21:23:00;0.0;@ChainLinkGod @IslandHunting @antiprosynth There are benefits and tradeoffs to both ZK and Optimistic Rollups, neit‚Ä¶ https://t.co/VFrFZfjomy;;
Fuel Labs;fuellabs_;4;0;14/12/2019;20:57:00;0.0;@IslandHunting @antiprosynth Optimistic rollup scaling*;;
Fuel Labs;fuellabs_;0;0;14/12/2019;19:03:00;0.0;@notgrubles Ethereum, without 2.0, will will scale quite decently under the rollups paradigm and one to two EIP's -‚Ä¶ https://t.co/WYfbRSm0ua;;
Fuel Labs;fuellabs_;3;0;13/12/2019;21:56:00;0.0;@spencernoon @antiprosynth @VitalikButerin @the_matter_labs Given these calculation parameters, Fuel (or more gener‚Ä¶ https://t.co/d5mLeLmCht;;
Fuel Labs;fuellabs_;5;0;13/12/2019;18:30:00;0.0;"@identhree @antiprosynth Great writeup! However, you failed to include our numbers in the ""Optimistic Rollup"" categ‚Ä¶ https://t.co/tSM9zDh1JD";;
Fuel Labs;fuellabs_;0;0;13/12/2019;17:45:00;0.0;@ChrisBlec @MakerDAO We are being watched..;;
Fuel Labs;fuellabs_;0;43;11/12/2019;21:59:00;1.0;RT @jadler0: Yesterday saw a flurry of discussion on cryptotwitter about Gregory Maxwell's analysis of @the_matter_labs's ZK Sync. The clai‚Ä¶;;
Fuel Labs;fuellabs_;0;14;11/12/2019;21:59:00;1.0;RT @jadler0: The Bitcoiners, Maxwell included, would know this if they actually read and studied the research that's happening in the Ether‚Ä¶;;
Fuel Labs;fuellabs_;0;27;09/12/2019;19:28:00;1.0;RT @jadler0: Shh, don't tell the Bitcoiners that soft forks are coercive and can be pushed through by miners alone, regardless of whether u‚Ä¶;;
Fuel Labs;fuellabs_;0;7;07/12/2019;20:19:00;1.0;RT @0x_____________: #Ethereum Istanbul Network Upgrade Countdown;;
Fuel Labs;fuellabs_;1;0;07/12/2019;19:47:00;0.0;@onechain69 @jadler0 Securing layer-2 systems can be done using Ethereum L1 as a time stamping mechanism to prevent‚Ä¶ https://t.co/rYlsDcccLx;;
Fuel Labs;fuellabs_;1;0;06/12/2019;20:35:00;0.0;@GenMeasures @jadler0 Any number of methods (Ether etc), but creating a separate, unique token to secure layer-2 should not be one of them.;;
Fuel Labs;fuellabs_;0;0;06/12/2019;18:20:00;0.0;@ChrisBlec monopoly.;;
Fuel Labs;fuellabs_;23;6;06/12/2019;17:41:00;0.0;Securing layer-2 systems does not require a token.;;
Fuel Labs;fuellabs_;3;0;04/12/2019;17:35:00;0.0;@stskeeps @IAmNickDodson Looking good for late December of V0 MVP;;
Fuel Labs;fuellabs_;0;38;03/12/2019;18:00:00;1.0;RT @peter_szilagyi: Last call for the #Ethereum Istanbul fork. In approximately 4 days mainnet is updating. Please make sure your nodes are‚Ä¶;;
Fuel Labs;fuellabs_;0;3;02/12/2019;20:30:00;1.0;RT @badcryptobitch: Being able to identify miners is a bad aspect of PoW.;;
Fuel Labs;fuellabs_;0;36;02/12/2019;17:55:00;1.0;RT @_JohnWhelan: Big companies are figuring out how to use public smart contracts platforms.;;
Fuel Labs;fuellabs_;0;4;01/12/2019;21:19:00;1.0;RT @matt_garnett: @_prestwich https://t.co/9QO5KWrSkL;;
Fuel Labs;fuellabs_;3;0;28/11/2019;23:17:00;0.0;@peter_szilagyi We are working as hard as we can to change that.;;
Fuel Labs;fuellabs_;0;5;25/11/2019;16:47:00;1.0;RT @thebtcpodcast: Monday bump for the latest from @HashingItOutPod with @jadler0, blockchain researcher at @ConsenSys. What are Optimistic‚Ä¶;;
Fuel Labs;fuellabs_;0;8;24/11/2019;19:57:00;1.0;RT @MihailoBjelic: Great post by @jadler0 on underexplored topics of relayers and fee markets in Eth2: https://t.co/rxxwxyPnAR.;;
Fuel Labs;fuellabs_;0;0;24/11/2019;13:20:00;0.0;@Dominator0081 @RyanSAdams We agree.;;
Fuel Labs;fuellabs_;0;0;23/11/2019;17:48:00;0.0;@econoar @RyanSAdams Except price*;;
Fuel Labs;fuellabs_;1;0;23/11/2019;17:47:00;0.0;@econoar @RyanSAdams We will address all of these items.;;
Fuel Labs;fuellabs_;1;0;22/11/2019;16:50:00;0.0;@ChrisBlec We are working as fast as we can, relief is on the way.;;
Fuel Labs;fuellabs_;5;0;20/11/2019;22:46:00;0.0;@trent_vanepps @jadler0 @seven7hwave @VitalikButerin @realLedgerwatch Awaiting closed audit completion of client and MVP contract. Soon TM.;;
Fuel Labs;fuellabs_;3;0;16/11/2019;01:03:00;0.0;@strictlymomo @CryptoCatVC @evan_van_ness We plan on changing that forever.;;
Fuel Labs;fuellabs_;0;8;14/11/2019;18:37:00;1.0;"RT @jadler0: A (very) recent paper on the strong claims made by the Avalanche guys: ""On pseudo-profound bullshit in the Avalanche whitepape‚Ä¶";;
Fuel Labs;fuellabs_;0;52;14/11/2019;00:31:00;1.0;RT @peter_szilagyi: The Rinkeby #Ethereum testnet is officially in Istanbul!!! :-);;
Fuel Labs;fuellabs_;8;1;11/11/2019;18:55:00;0.0;Fuel Labs will never made unsubstantiated claims about optimistic rollups.;;
Fuel Labs;fuellabs_;0;0;08/11/2019;17:45:00;0.0;@OlegOsorgin @VitalikButerin @ethereum Do you have any questions?;;
Fuel Labs;fuellabs_;0;26;06/11/2019;17:33:00;1.0;"RT @jadler0: The ""Why""s of Optimistic Rollup";;
Fuel Labs;fuellabs_;0;0;05/11/2019;20:57:00;0.0;@gakonst @nicksdjohnson @GNSPS That is just stack work at the moment in Solidity. If you want to get closer to the‚Ä¶ https://t.co/NdwWO0H5Cn;;
Fuel Labs;fuellabs_;0;1;05/11/2019;19:08:00;1.0;RT @TalaShivute: @Ethereum has decided to use Optimistic Roll Up, a solution from  @fuellabs_ to solve their scaling issue.  ;;
Fuel Labs;fuellabs_;1;0;05/11/2019;18:59:00;0.0;@TalaShivute @ethereum @VitalikButerin Fuel can hit far more than 1k TPS if Ethereum accepts a few trivial EIPs (i.‚Ä¶ https://t.co/KoMta5kX33;;
Fuel Labs;fuellabs_;4;0;03/11/2019;19:44:00;0.0;@ben_chain @Stan_Kladko You can also checkout our optimistic rollup implementation which is currently under audit:‚Ä¶ https://t.co/iylRlxLlaq;;
Fuel Labs;fuellabs_;0;0;03/11/2019;19:43:00;0.0;@FigoFinozeros @Stan_Kladko 500s or close to it should be very achievable for ZK-rollups post Istanbul.;;
Fuel Labs;fuellabs_;1;0;03/11/2019;19:40:00;0.0;@Amxx @VitalikButerin @VladZamfir Our optimistic rollup implementation is finished and is under audit.;;
Fuel Labs;fuellabs_;1;0;03/11/2019;02:32:00;0.0;@lightcoin @IAmNickDodson Agreed. We will consider an aztec-like design in future releases.;;
Fuel Labs;fuellabs_;1;0;02/11/2019;19:04:00;0.0;@lightcoin @IAmNickDodson Yes, but ZK proofs tend to be very large so the cost benefit would be diminished over non‚Ä¶ https://t.co/C8kWAoj0AR;;
Fuel Labs;fuellabs_;15;3;01/11/2019;18:27:00;0.0;That ~2% fee payment gateways charge might not seem like much, but to our local restaurants, cafes, bars and shops,‚Ä¶ https://t.co/OIyWCqTQja;;
Fuel Labs;fuellabs_;3;1;31/10/2019;16:35:00;0.0;@FigoFinozeros @TrustlessState 2 million TPS is achievable well before 2.0 on L1, see our blog post:;;
Fuel Labs;fuellabs_;1;0;31/10/2019;16:32:00;0.0;@FigoFinozeros @TrustlessState Yes, I'm talking about within the next month.;;
Fuel Labs;fuellabs_;6;0;30/10/2019;21:59:00;0.0;@TrustlessState Ethereum L1 should easily clear 50 TPS with rollups.;;
Fuel Labs;fuellabs_;0;3;30/10/2019;21:13:00;1.0;RT @danfinlay: @rekmarks The @fuellabs_ article got me excited about reading https://t.co/TojbCtEQTE https://t.co/UI1MdhfC1r;;
Fuel Labs;fuellabs_;5;0;29/10/2019;19:02:00;0.0;‚õΩÔ∏è;;
Fuel Labs;fuellabs_;0;0;28/10/2019;17:16:00;0.0;@evan_van_ness Better get these rollups ready ;;
Fuel Labs;fuellabs_;1;0;28/10/2019;17:16:00;0.0;@antiprosynth @mi_ayako @ethereum @EFDevcon Thankfully, Ethereum is much bigger than the EF.;;
Fuel Labs;fuellabs_;2;0;28/10/2019;17:12:00;0.0;@rbttazzoni @ChainLinkGod Fuel has no token.;;
Fuel Labs;fuellabs_;1;0;25/10/2019;14:51:00;0.0;@VladZamfir They have an actual VM.;;
Fuel Labs;fuellabs_;1;0;25/10/2019;14:50:00;0.0;@cjbarroso @KiddBubu @brentmulligan &lt;script&gt;‚Ä¶ https://t.co/ibKxc47sog
Fuel Labs;fuellabs_;0;0;25/10/2019;14:41:00;0.0;@madcapslaugh They should be open now.;;
Fuel Labs;fuellabs_;1;0;24/10/2019;23:33:00;0.0;@BenDiFrancesco @antiprosynth We already prefer Yul (the intermediate solc language) over Solidity. With some small‚Ä¶ https://t.co/SSGPZhidXn;;
Fuel Labs;fuellabs_;0;0;24/10/2019;23:26:00;0.0;@TTrevethan We will be releasing the version 1 of the contracts once the initial audit is complete.;;
Fuel Labs;fuellabs_;0;37;23/10/2019;17:29:00;1.0;RT @compoundfinance: Version 2.2 of the Compound protocol moves all administrative functions behind a 2+ day time delay (complimented with‚Ä¶;;
Fuel Labs;fuellabs_;1;0;23/10/2019;17:17:00;0.0;"@Thyphooonnn ""Bitcoin: A Peer-to-Peer Electronic Cash System""";;
Fuel Labs;fuellabs_;0;4;23/10/2019;17:16:00;1.0;RT @Timccopeland: Fuel Labs has a plan to scale Ethereum today, and it‚Äôs almost ready;;
Fuel Labs;fuellabs_;3;0;23/10/2019;13:54:00;0.0;@Thyphooonnn Unless BTC adopts Mast among other changes more rapidly, we see this being the case as well. Also, wea‚Ä¶ https://t.co/7g0wwZcUVT;;
Fuel Labs;fuellabs_;4;0;22/10/2019;20:58:00;0.0;@kwsantiago @ChainLinkGod Wait until you see how much assembly we had to write ;;
Fuel Labs;fuellabs_;6;0;22/10/2019;20:55:00;0.0;@ChainLinkGod Yep! And if the community is ready to accept weak subjectivity on L1 by adding erasure code data avai‚Ä¶ https://t.co/iTyEgXPHii;;
Fuel Labs;fuellabs_;0;7;22/10/2019;20:53:00;1.0;RT @spencernoon: Look, a soon-to-be-released production deployment of Optimistic Rollups! ;;
Fuel Labs;fuellabs_;3;0;22/10/2019;19:59:00;0.0;@CryptoToit For sure! Our contracts are currently under audit, we should have a Burner demo / wallet library and cl‚Ä¶ https://t.co/FW6a8lyfBp;;
Fuel Labs;fuellabs_;217;63;22/10/2019;18:50:00;0.0;We are proud to announce Fuel, a trustless sidechain built with optimistic rollups. The first step towards scaling‚Ä¶ https://t.co/c9LyGKjKJh;;
Fuel Labs;fuellabs_;0;0;21/10/2019;20:21:00;0.0;@bitcoinmystick @CollinCusce @joshuahjohnson @el33th4xor State bloat is far more the problem, we hope to solve this via rollups.;;
Fuel Labs;fuellabs_;0;19;19/10/2019;03:21:00;1.0;RT @RobLionhart: Signed a warranty with my @metamask_io on @OpenLawOfficial, then linked the signature using an NFC tag. https://t.co/AVcqk‚Ä¶;;
Fuel Labs;fuellabs_;1;0;19/10/2019;03:20:00;0.0;@Max_Newton @antiprosynth I think they will eventually get to Mast and other programmable options, but by that time‚Ä¶ https://t.co/KBQBIZ7iOH;;
Fuel Labs;fuellabs_;5;1;18/10/2019;10:45:00;0.0;The Fuel side-chain should lower the cost of a standard ERC20 transaction by approximately 40x, even more post Istanbul.;;
Fuel Labs;fuellabs_;1;0;18/10/2019;06:17:00;0.0;@paddypisa @MihailoBjelic @IAmNickDodson Some slides from our EthPlanet lightning talk:;;
Fuel Labs;fuellabs_;0;23;18/10/2019;06:08:00;1.0;RT @PhABCD: Devcon5 in a nutshell. https://t.co/tzE4nuuzsf;;
Fuel Labs;fuellabs_;0;70;17/10/2019;15:20:00;1.0;RT @TrustlessState: Holy Hell! ;;
Fuel Labs;fuellabs_;0;0;17/10/2019;15:19:00;0.0;@polkadotnetwork @rphmeier @web3summit Yeah, but why not just use Tendermint and just roll your own thing.. just ta‚Ä¶ https://t.co/NK5pDm0rRG;;
Fuel Labs;fuellabs_;0;0;17/10/2019;15:17:00;0.0;@Obionecoinobi @PhABCD The Plasma design was inherently flawed the entire time, most of them are switching over to‚Ä¶ https://t.co/zCraAQYcY5;;
Fuel Labs;fuellabs_;0;0;17/10/2019;15:16:00;0.0;@PhABCD Yeah, turns out optimistic rollups are really hard, we've been at them for two months -- almost there, but‚Ä¶ https://t.co/1ozAQpHF1x;;
Fuel Labs;fuellabs_;0;20;17/10/2019;15:12:00;1.0;RT @MihailoBjelic: EthArmbian and EthRaspbian are awesome Linux images that allow you to run:;;
Fuel Labs;fuellabs_;0;0;17/10/2019;09:43:00;0.0;@gakonst @_prestwich If only BTC had a few more functions we could work with to create better synthetics. Coding on‚Ä¶ https://t.co/nijVedlmQs;;
Fuel Labs;fuellabs_;0;0;17/10/2019;09:42:00;0.0;@JHancock @_prestwich @flexdapps Fuel has non-interactiveness by default, and no intensive games for verification.‚Ä¶ https://t.co/tnMhRsaadY;;
Fuel Labs;fuellabs_;0;0;17/10/2019;09:41:00;0.0;@hkalodner @jadler0 @_prestwich This is exactly what we are working on. Spec TBD.;;
Fuel Labs;fuellabs_;0;0;17/10/2019;07:03:00;0.0;@LampisNicola @multisHQ @SetProtocol @tokensets Would be interested to see any evidence myself, but it's cool in theory :);;
Fuel Labs;fuellabs_;1;0;17/10/2019;06:45:00;0.0;@gakonst talk at DevCon might be the only one that accurately describes the crypto/economic problems with older ver‚Ä¶ https://t.co/Oeh6D3o5Gk;;
Fuel Labs;fuellabs_;1;0;17/10/2019;06:42:00;0.0;@paddypisa @MihailoBjelic @IAmNickDodson Do you have any people in mind, aside from yourself, that might be interes‚Ä¶ https://t.co/q2JrUfBqei;;
Fuel Labs;fuellabs_;2;0;16/10/2019;05:50:00;0.0;@paddypisa @MihailoBjelic We might break some kind of record for most assembly used in a single contract ever -- du‚Ä¶ https://t.co/0gSgd2Th1x;;
Fuel Labs;fuellabs_;1;0;16/10/2019;05:49:00;0.0;@paddypisa @MihailoBjelic Yes, website: https://t.co/zRA9znWm3g -- it's made by your old friend @IAmNickDodson ;;
Fuel Labs;fuellabs_;2;0;16/10/2019;05:27:00;0.0;We have been working on optimistic Rollups long before Vitalik made it cool, we are almost there, Eth scaling is on the way!;;
Fuel Labs;fuellabs_;1;0;16/10/2019;05:26:00;0.0;@MihailoBjelic Hey! We are releasing out Spec soon, basically a simplistic optimistic rollups for transactions only‚Ä¶ https://t.co/90PJGzbkbH;;